attached_links_url,attached_medias_url,attached_videos,author_id,author_username,community_notes,conversation_id,created_time,favorite_count,geo_lat,geo_lon,id,in_reply_to_post_id,in_reply_to_profile_id,in_reply_to_profile_username,place_country_code,place_country_name,place_full_name,place_type,post_type,quote_count,quoted_status_id,quoted_status_profile_username,reply_count,retweet_count,source,text,text_lang,text_tagged_users,text_tags,timestamp,view_count,term,sentiment,tone,tweet_insert_timestamp
https://reut.rs/47p0WEK,,,1652541,Reuters,,1727212831769047462,2023-11-22T06:30:03,21,,,1727212831769047462,,,,,,,,post,0,,,5,7,,"Ahead of international climate talks in Dubai this month, economists are updating estimates of the impact of global warming on the world economy, sometimes calculating down to a decimal place the hit to output in decades to come https://t.co/CJB0BdzvOI",en,,,1700634603,41178,dubai economy,unknown,unknown,2023-11-30 17:56:07.415581
http://dlvr.it/Sz8cmw,,,1564226016435904513,EconomyDubai,,1727217875524682125,2023-11-22T06:50:06,0,,,1727217875524682125,,,,,,,,post,0,,,0,0,,Emirates NBD Strengthens Commitment to Climate Best Practices https://t.co/A3QKRuAI2C,en,,,1700635806,36,dubai economy,unknown,unknown,2023-11-30 17:56:07.415581
http://dlvr.it/Sz8xlG,,,1564226016435904513,EconomyDubai,,1727262422485065850,2023-11-22T09:47:07,0,,,1727262422485065850,,,,,,,,post,0,,,0,0,,Zoho and Telr partner to help SMEs in MENA with digital transformation https://t.co/Nf0C8BWKHD,en,,,1700646427,28,dubai economy,unknown,unknown,2023-11-30 17:56:07.415581
http://dlvr.it/Sz8xll,,,1564226016435904513,EconomyDubai,,1727262434027860338,2023-11-22T09:47:09,0,,,1727262434027860338,,,,,,,,post,0,,,0,0,,Sustainable Aviation Fuel Will Become More Accessible and Affordable by 2040 https://t.co/1PonbVjdg5,en,,,1700646429,35,dubai economy,unknown,unknown,2023-11-30 17:56:07.415581
http://dlvr.it/Sz8xlz,,,1564226016435904513,EconomyDubai,,1727262440646398107,2023-11-22T09:47:11,0,,,1727262440646398107,,,,,,,,post,0,,,0,0,,World Bank Anticipates 4.5% Growth in UAE's Non-Oil Economy in 2023 https://t.co/RHPlM8XbXQ,en,,,1700646431,27,dubai economy,unknown,unknown,2023-11-30 17:56:07.415581
http://dlvr.it/Sz8xmP,,,1564226016435904513,EconomyDubai,,1727262444123460068,2023-11-22T09:47:12,0,,,1727262444123460068,,,,,,,,post,0,,,0,0,,"Food Manufacturing Companies in the UAE: Global, Delta & More https://t.co/XpeIzItXiQ",en,,,1700646432,31,dubai economy,unknown,unknown,2023-11-30 17:56:07.415581
http://dlvr.it/Sz8xmf,,,1564226016435904513,EconomyDubai,,1727262447269232941,2023-11-22T09:47:13,1,,,1727262447269232941,,,,,,,,post,0,,,0,0,,UAE Owns 40% of Aircraft Fleet in Arab Region https://t.co/Rbz6SJb3zg,en,,,1700646433,33,dubai economy,unknown,unknown,2023-11-30 17:56:07.415581
https://reut.rs/3us5JXi,,,1652541,Reuters,,1727265739193917808,2023-11-22T10:00:17,26,,,1727265739193917808,,,,,,,,post,0,,,9,8,,"Ahead of international climate talks in Dubai this month, economists are updating estimates of the impact of global warming on the world economy, sometimes calculating down to a decimal place the hit to output in decades to come https://t.co/y7xYpIySgu",en,,,1700647217,35607,dubai economy,unknown,unknown,2023-11-30 17:56:07.415581
,https://pbs.twimg.com/media/F_h8CkNXAAAv5UY.jpg,,1101911092069060608,WorldMarketsDa1,,1727267378914840579,2023-11-22T10:06:48,2,,,1727267378914840579,,,,,,,,post,0,,,0,1,,"All #gold #refiners in the #UAE are required to bring third-party #auditors on board from January 2024 and submit audited reports until March next year, a senior Ministry of Economy official told the #Dubai 
#preciousmetals Conference on Tuesday. https://t.co/sGInDcyDR4",en,,auditors--|--dubai--|--gold--|--preciousmetals--|--refiners--|--uae,1700647608,153,dubai economy,unknown,unknown,2023-11-30 17:56:07.415581
https://www.iaapuk.org/dubai-unveils-blueprint-to-boost-economy-and-hit-d33-targets/,,,1359509337690025988,Iaapuk,,1727281054120038838,2023-11-22T11:01:09,2,,,1727281054120038838,,,,,,,,post,0,,,0,2,,"Dubai unveils blueprint to boost economy and hit D33 targets!
Read full news article on Dubai here - https://t.co/jIESYBDUnW

#economy #business #dubai #uae #education #technology #membership #initiatives #economic #agenda #international #accounting",en,,accounting--|--agenda--|--business--|--dubai--|--economic--|--economy--|--education--|--initiatives--|--international--|--membership--|--technology--|--uae,1700650869,58,dubai economy,unknown,unknown,2023-11-30 17:56:07.415581
http://dlvr.it/Sz9KLv,,,1564226016435904513,EconomyDubai,,1727307079806009806,2023-11-22T12:44:34,0,,,1727307079806009806,,,,,,,,post,0,,,0,0,,e& Introduces Green SIM Card Initiative for UAE Customers https://t.co/9QwvZIa6cc,en,,,1700657074,33,dubai economy,unknown,unknown,2023-11-30 17:56:07.415581
http://dlvr.it/Sz9KN7,,,1564226016435904513,EconomyDubai,,1727307085027868964,2023-11-22T12:44:35,0,,,1727307085027868964,,,,,,,,post,0,,,0,0,,World Logistics Passport Partners with Dubai Municipality and FIATA at Global Summit 2023 https://t.co/84IKaIaaHQ,en,,,1700657075,26,dubai economy,unknown,unknown,2023-11-30 17:56:07.415581
http://reut.rs/3uq4Crh,,,15110431,ReutersScience,,1727326301738901782,2023-11-22T14:00:57,4,,,1727326301738901782,,,,,,,,post,0,,,1,3,,"Ahead of international climate talks in Dubai this month, economists are updating estimates of the impact of global warming on the world economy, sometimes calculating down to a decimal place the hit to output in decades to come. https://t.co/JI17rYGkfz https://t.co/JI17rYGkfz",en,,,1700661657,2347,dubai economy,unknown,unknown,2023-11-30 17:56:07.415581
,https://pbs.twimg.com/media/F_jb6rJXYAEvbBi.jpg--|--https://pbs.twimg.com/media/F_jb6tTWEAAD-py.jpg--|--https://pbs.twimg.com/media/F_jb6u4X0AAbUBQ.jpg,,37599685,DXBMediaOffice,,1727371457062187371,2023-11-22T17:03:53,5,,,1727372340408078727,1727371457062187371,37599685,DXBMediaOffice,,,,,reply,0,,,1,2,,". @HamdanMohammed: #Dubai is committed to implementing strategic initiatives to expand sustainable infrastructure and consolidate Dubai‚Äôs eminent position as a green economy hub, in line with the vision of @HHShkMohd. https://t.co/aKQMb69fSo",en,HHShkMohd--|--HamdanMohammed,dubai,1700672633,2377,dubai economy,unknown,unknown,2023-11-30 17:56:07.415581
,https://pbs.twimg.com/media/F_jqN1pWwAADpQ7.jpg,,1430431160534851585,ShelbyW_110,,1727387989112926672,2023-11-22T18:06:04,0,,,1727387989112926672,,,,,,,,post,0,,,0,0,,"Today's work 
Get 1 days free test signals 
Link in bio

#AnimalTheFilm #xauusd #SomosEcuador #ŸÉÿ™ÿßÿ¶ÿ®_ÿßÿßŸÑŸÇÿ≥ÿßŸÖ #ÿßŸÑŸãŸèÿ®ÿ±ÿßÿ≤ŸäŸçŸÑŸí_ÿßŸÑÿßŸãŸëÿ±Ÿéÿ¨ŸÜŸëŸíÿ™ŸäŸêŸÜŸí #Dubai #Poland #Forex #Investment #Economy #Spain https://t.co/zHE9YVuMye",en,,animalthefilm--|--dubai--|--economy--|--forex--|--investment--|--poland--|--somosecuador--|--spain--|--xauusd--|--ÿßŸÑŸãŸèÿ®ÿ±ÿßÿ≤ŸäŸçŸÑŸí_ÿßŸÑÿßŸãŸëÿ±Ÿéÿ¨ŸÜŸëŸíÿ™ŸäŸêŸÜŸí--|--ŸÉÿ™ÿßÿ¶ÿ®_ÿßÿßŸÑŸÇÿ≥ÿßŸÖ,1700676364,96,dubai economy,unknown,unknown,2023-11-30 17:56:07.415581
,https://pbs.twimg.com/media/F_jyhL4WgAAF7lr.jpg,,1487871863216869381,masstransit4khi,,1727397577497379270,2023-11-22T18:44:10,20,,,1727397577497379270,,,,,,,,quote,1,1727391128360784094,masstransit4khi,2,7,,"IT in üáÆüá≥ creates good jobs but few jobs
Walmart, tourism sector hires more people than Apple, Google
India's elites recreation at Taj Mahal Palace Hotel, Mumbai circulates money in their economy while our rich made Dubai a 2nd home 
none in üáµüá∞ wants to confront this... https://t.co/Lk1FbKBUTa",en,,,1700678650,3979,dubai economy,unknown,unknown,2023-11-30 17:56:07.415581
,https://video.twimg.com/ext_tw_video/1727556966409449472/pu/vid/avc1/720x720/Tk4J01wHdNWWE9_8.mp4?tag=12,https://video.twimg.com/ext_tw_video/1727556966409449472/pu/vid/avc1/720x720/Tk4J01wHdNWWE9_8.mp4?tag=12,37599685,DXBMediaOffice,,1727557381943332932,2023-11-23T05:19:10,20,,,1727557381943332932,,,,,,,,post,1,,,4,6,,".@DEWAOfficial is organising the 9th World Green Economy Summit, under the theme 'Bridging the Gap to the Future: Advancing the Global Green Economy', on 28 and 29 November at  Madinat Jumeirah #Dubai 
@WGESummit https://t.co/2CAMAv7kR5",en,DEWAOfficial--|--WGESummit,dubai,1700716750,4902,dubai economy,unknown,unknown,2023-11-30 17:56:07.415581
http://www.legal-house.com,https://pbs.twimg.com/media/F_mPdHnXcAAgFYG.jpg,,1430774101,Legalhouse_uae,,1727569733568909492,2023-11-23T06:08:15,0,,,1727569733568909492,,,,,,,,post,0,,,0,0,,"üöÄ Start your dream business in Dubai Mainland for just 20,000 AED! 
https://t.co/xOUHVHkTzl
#TradeLicenseDubai #CompanyFormationUAE #DubaiBusinessLicense #BusinessSetupDubai #TradeLicenseRenewal #BusinessRegistrationDubai #StartUpDubai #FreezoneDubai #MainlandDubai #DubaiEconomy https://t.co/5uu7vovNME",en,,businessregistrationdubai--|--businesssetupdubai--|--companyformationuae--|--dubaibusinesslicense--|--dubaieconomy--|--freezonedubai--|--mainlanddubai--|--startupdubai--|--tradelicensedubai--|--tradelicenserenewal,1700719695,37,dubai economy,unknown,unknown,2023-11-30 17:56:07.415581
https://t.ly/hE74H,,,211110199,SME10x,,1727593132814917909,2023-11-23T07:41:14,0,,,1727593132814917909,,,,,,,,post,0,,,0,0,,"RemotePass and Dubai Chamber of Digital Economy Forge Strategic Alliance to Revolutionize HR for UAE Businesses

@RemotePassCom | @DxbChamberDigi | @Saeed_algergawi 

#HR #StartupEcosystem #DubaiBusinesses #alliances #sme10x #SMEs #businessinformation 

https://t.co/U0qrPl7DwE",en,DxbChamberDigi--|--RemotePassCom--|--Saeed_algergawi,alliances--|--businessinformation--|--dubaibusinesses--|--hr--|--sme10x--|--smes--|--startupecosystem,1700725274,69,dubai economy,unknown,unknown,2023-11-30 17:56:07.415581
,https://pbs.twimg.com/media/F_m40B9XoAEodCF.jpg,,1487871863216869381,masstransit4khi,,1727615582537757145,2023-11-23T09:10:27,14,,,1727615582537757145,,,,,,,,quote,1,1727614487694336002,masstransit4khi,0,2,,"recreation of Pakistan's influential, affluential at beaches with gatekeeping like French Beach is an undocumented, cash economy

I'd rather have elites do recreation here than in Dubai while also benefitting other Pakistanis https://t.co/yioDaXBwda",en,,,1700730627,1829,dubai economy,unknown,unknown,2023-11-30 17:56:07.415581
https://www.emirates.com/media-centre/emirates-worlds-first-airline-to-operate-a380-demonstration-flight-with-100-sustainable-aviation-fuel/,https://pbs.twimg.com/media/F_nAbh0XYAAcDZo.jpg--|--https://pbs.twimg.com/media/F_nAbh1WwAAS30M.jpg--|--https://pbs.twimg.com/media/F_nAbiGXsAAdP2t.jpg,,761149154,DubaiDET,,1727623528294314063,2023-11-23T09:42:01,5,,,1727623528294314063,,,,,,,,post,0,,,0,1,,".@emirates made history with the first A380 flight using 100% Sustainable Aviation Fuel (SAF), highlighting its potential as a greener alternative to traditional jet fuel.
https://t.co/NVAi35S2Au
#Dubai #travel #sustainability https://t.co/bMoaZg0upC",en,emirates,dubai--|--sustainability--|--travel,1700732521,1222,dubai economy,unknown,unknown,2023-11-30 17:56:07.415581
,,,1658339143590576129,magnetmediaae,,1727614571513286976,2023-11-23T11:53:53,0,,,1727656714499928090,1727614571513286976,37599685,DXBMediaOffice,,,,,reply,0,,,0,0,,@DXBMediaOffice @ICDdubai This highlights the diverse and thriving economy in Dubai. Fantastic work üíôüåü,en,DXBMediaOffice--|--ICDdubai,,1700740433,47,dubai economy,unknown,unknown,2023-11-30 17:56:07.415581
,https://video.twimg.com/ext_tw_video/1727657818722107392/pu/vid/avc1/1280x720/ZyqWaHwHSbzn33vY.mp4?tag=12,https://video.twimg.com/ext_tw_video/1727657818722107392/pu/vid/avc1/1280x720/ZyqWaHwHSbzn33vY.mp4?tag=12,225012752,ETNOWlive,,1727660544461861339,2023-11-23T12:09:06,5,,,1727660544461861339,,,,,,,,post,0,,,0,2,,"Dubai is the Gateway to Global Trade and Investment where innovation meets ambition, and where global trade and investment thrive. His Excellency Abdulaziz Al Ghurair, Chairman, Dubai Chambers highlighted Dubai's diversified economy & Its business-friendly policies helping Dubai‚Ä¶ https://t.co/1X4HwhjZ1U",en,,,1700741346,2822,dubai economy,unknown,unknown,2023-11-30 17:56:07.415581
,https://pbs.twimg.com/media/F_qCWrJX0AAFHAT.jpg--|--https://pbs.twimg.com/media/F_qCWsGWEAEabn8.jpg--|--https://pbs.twimg.com/media/F_qCWsrWAAAbQVv.jpg,,1715276083673595904,fazzabinm441,,1727836793339339046,2023-11-23T23:49:27,1,,,1727836793339339046,,,,,,,,post,0,,,0,0,,"During the Dubai Executive Council meeting, we adopted a range of incentives to double the contribution of the agrotechnology and industry sectors to Dubai's economy within 10 years in support of Dubai's D33 Economic Agenda And we adopted the plan of phasing out single-use plasti https://t.co/9F3wjIEXBW",en,,,1700783367,50,dubai economy,unknown,unknown,2023-11-30 17:56:07.415581
,https://pbs.twimg.com/media/F_rJqVXWEAA2Nyt.jpg,,1514871729415507970,LITTCoaching,,1727915241197986213,2023-11-24T05:01:11,0,,,1727915241197986213,,,,,,,,post,0,,,0,0,,"Although there are no standard recipes for handling crisis leadership in a weak economy, executive coaching can help you acquire and master the skills you need to assert control, retain positivity, and provide a guiding light to your followers.

#Leadership #Saudi #UAE #Dubai https://t.co/AXb26vC49R",en,,dubai--|--leadership--|--saudi--|--uae,1700802071,45,dubai economy,unknown,unknown,2023-11-30 17:56:07.415581
,,,1647853052349624320,AdikeNelso3890,,1727920934672027792,2023-11-24T06:19:51,4,,,1727935039076204717,1727920934672027792,24291371,MobilePunch,,,,,reply,0,,,0,0,,@MobilePunch And you inherited a robust economy in Anambra yet Dubai/Taiwan has not manifested. Confused people everywhere.,en,MobilePunch,,1700806791,203,dubai economy,unknown,unknown,2023-11-30 17:56:07.415581
,,,1535134803619479552,Deividwachin,,1727397608715698342,2023-11-24T08:04:34,0,,,1727961393314639926,1727949090871226802,1447665133514338305,Choco_bruv,,,,,reply,0,,,1,0,,@Choco_bruv @bee_oow_bee @drpenking @aj_bashir1 Carrying Economy their state is like Dubai now,en,Choco_bruv--|--aj_bashir1--|--bee_oow_bee--|--drpenking,,1700813074,23,dubai economy,unknown,unknown,2023-11-30 17:56:07.415581
,https://pbs.twimg.com/media/F_r9NsGXIAAMPvx.jpg,,214795204,Kreston_Menon,,1727971829657010210,2023-11-24T08:46:03,0,,,1727971829657010210,,,,,,,,post,0,,,0,0,,"We are honored to have His Excellency Helal Saeed Almarri, Director General of Dubai's Department of Economy, and Tourism, as Chief Guest at the Kreston World and EMEA Conference Dubai 2023 that will take place on December 4-7, 2023, at JW Marriott Marquis Hotel, Dubai, UAE. https://t.co/GFhz3Av9sS",en,,,1700815563,54,dubai economy,unknown,unknown,2023-11-30 17:56:07.415581
,,,1970724968,aaakhigbe,,1727988516041204021,2023-11-24T10:01:24,36,,,1727990793485340845,1727988516041204021,5404442,asemota,,,,,reply,0,,,12,8,,"@asemota I wonder why our rulers aren't studying China and how it dealt with poverty and manufacturing. The best ideas can be found in China and they are ready to build any Economy, but our rulers will rather steal and stash it away in Dubai and the West. Even Israel is overlooked.",en,asemota,,1700820084,5880,dubai economy,unknown,unknown,2023-11-30 17:56:07.415581
,https://pbs.twimg.com/media/F_sbidlWgAAwlyv.jpg,,435686645,DFMalerts,,1728005174168367377,2023-11-24T10:58:32,2,,,1728005174168367377,,,,,,,,post,0,,,2,3,,"Partnering with DFM for the pilot program, @DMunicipality is advancing towards a cleaner and greener future.

Contributing to Dubai‚Äôs goal of 100% clean energy by 2050, join us in the journey to make Dubai a global hub for green economy innovations. https://t.co/QtiGMhUCQN",en,DMunicipality,,1700823512,1239,dubai economy,unknown,unknown,2023-11-30 17:56:07.415581
,,,632004266,iniestasolobaby,,1727814239472029901,2023-11-24T10:59:27,7,,,1728005402170671123,1727814239472029901,1483830790014357507,dipoaina1,,,,,reply,0,,,6,0,,"@dipoaina1 This is a big lie 
I repeat 
This is a big lie

How can the economy be dead when @PeterObi built 7 train terminal,6 airport 500 classrooms 4 refineries and even dubai is begging to be like anambra 

How can the economy be dead 

This gov @CCSoludo needs to go and verify",en,CCSoludo--|--PeterObi--|--dipoaina1,,1700823567,906,dubai economy,unknown,unknown,2023-11-30 17:56:07.415581
http://dlvr.it/SzFrqc,,,1416751063437385730,am1_news,,1728008822332289337,2023-11-24T11:13:02,0,,,1728008822332289337,,,,,,,,post,0,,,0,0,,"World leaders gather in Dubai for the 28th Conference of the Parties (COP28), a contentious climate summit that will focus on goals for greening the energy economy and financial assistance for poorer nations. Disagreements over phasing out fossil fuels‚Ä¶ https://t.co/Xq9iEBwo6n",en,,,1700824382,19,dubai economy,unknown,unknown,2023-11-30 17:56:07.415581
https://www.reuters.com/business/environment/economic-models-buckle-under-strain-climate-reality-2023-11-22/,,,1659823890,Surly01,,1728021353138176178,2023-11-24T12:02:50,0,,,1728021353138176178,,,,,,,,post,0,,,0,0,,"Ahead of international climate talks in Dubai this month, economists are updating estimates of the impact of global warming on the world economy, sometimes calculating down to a decimal place the hit to output in decades to come.
https://t.co/JdrTUwezCM",en,,,1700827370,15,dubai economy,unknown,unknown,2023-11-30 17:56:07.415581
https://hubs.li/Q029XKL60,https://pbs.twimg.com/media/F_s-wbzXUAAOI2C.jpg,,742435938928857094,BXB_AE,,1728043885954281834,2023-11-24T13:32:22,0,,,1728043885954281834,,,,,,,,post,0,,,0,0,,"Dubai‚Äôs Real Estate Sector to Witness a Price Drop of 5-10% ‚Ä¶
Read more in BXB Blog -https://t.co/NJmYVOpnPP
#Dubaieconomy #uaebusiness #dubaiinvestments #startupinvestments #startupinmena #menastartup #dubaistartup #uaebusiness #dubaibusiness #MENA #Dubairealestate https://t.co/mjyHFRjpeH",en,,dubaibusiness--|--dubaieconomy--|--dubaiinvestments--|--dubairealestate--|--dubaistartup--|--mena--|--menastartup--|--startupinmena--|--startupinvestments--|--uaebusiness,1700832742,21,dubai economy,unknown,unknown,2023-11-30 17:56:07.415581
,,,1300121361919205377,fulong666,,1728063200443171034,2023-11-24T14:49:07,3,,,1728063200443171034,,,,,,,,quote,0,1727650654129180876,FUDdaily,0,2,,If mass immigration was purely about economy they would use the immigration model of Dubai and limit residency status to employment conditions to extract the maximum amount of taxes.,en,,,1700837347,309,dubai economy,unknown,unknown,2023-11-30 17:56:07.415581
https://iop.eventsair.com/iopcop28,,,56420936,FCDOResearch,,1728086197782605851,2023-11-24T16:20:30,4,,,1728086197782605851,,,,,,,,post,0,,,1,3,,"The Institute of Physics is hosting an event alongside @COP28_UAE following the launch of their ‚ÄòPhysics Powering the Green Economy‚Äô report!

üìåUniversity of Birmingham Campus Dubai @birminghamdubai 

üóìÔ∏èDecember 7th

#COP28 #Sustainability 

Register here‚û°Ô∏èhttps://t.co/k6SIFctfut",en,COP28_UAE--|--birminghamdubai,cop28--|--sustainability,1700842830,2470,dubai economy,unknown,unknown,2023-11-30 17:56:07.415581
,,,52612401,OILMAN24x7,,1728306971898425518,2023-11-25T07:12:49,0,,,1728310755752354248,1728309850138939615,429973227,Mandar_240Bhp,,,,,reply,0,,,0,0,,"@Mandar_240Bhp @ani_digital @ANI 10-15k bas in economy, flights to Dubai are cheap",en,ANI--|--Mandar_240Bhp--|--ani_digital,,1700896369,261,dubai economy,unknown,unknown,2023-11-30 17:56:07.415581
https://www.instagram.com/242stationery,https://pbs.twimg.com/media/F_xY_OdXoAAeNLR.jpg,,2411303808,twofortwo_store,,1728354203314044987,2023-11-25T10:05:27,0,,,1728354203314044987,,,,,,,,post,0,,,0,0,,Managing a business in a downturn economy. Find out here https://t.co/hI2aonyvRb #hr #business #HumanResources #hrtips #alacarte #southafrica #nigeria #ghana #Botswana #Zimbabwe #Namibia #Malawi #kenya #tanzania #uganda #rwanda #niger #zambia #Morocco #senegal #africa #dubai #uae https://t.co/s9NEqQN1g7,en,,africa--|--alacarte--|--botswana--|--business--|--dubai--|--ghana--|--hr--|--hrtips--|--humanresources--|--kenya--|--malawi--|--morocco--|--namibia--|--niger--|--nigeria--|--rwanda--|--senegal--|--southafrica--|--tanzania--|--uae--|--uganda--|--zambia--|--zimbabwe,1700906727,67,dubai economy,unknown,unknown,2023-11-30 17:56:07.415581
https://twitter.com/IHRF_English/status/1659562660457750529?t=E-o9OslteC-o6loBsw2AEw&s=19,,,1069551854198108160,JKDubai1,,1589601685667995648,2023-11-25T10:12:07,9,,,1728355878792036411,1589604777868300288,2269036550,sandhu_hamid,,,,,quote,0,1659562660457750529,IHRF_English,3,9,,"@sandhu_hamid @Aarsh_Khan_DXB @10DowningStreet @UKParliament @RishiSunak @UN @JamilBathaa @zrasool06 @I_Lov3_Pakistan @AnjumFarooqui03 @68_adnannabi @Defender_747 @ImranARaja1 üá¨üáß UK is shamelessly bitching for corrupt convicted money launderers of third world and running it's economy on ill gotten money. They money actually belongs to the poor public.

Shame

https://t.co/HVHteFzESr",en,10DowningStreet--|--68_adnannabi--|--Aarsh_Khan_DXB--|--AnjumFarooqui03--|--Defender_747--|--I_Lov3_Pakistan--|--ImranARaja1--|--JamilBathaa--|--RishiSunak--|--UKParliament--|--UN--|--sandhu_hamid--|--zrasool06,,1700907127,167,dubai economy,unknown,unknown,2023-11-30 17:56:07.415581
,https://pbs.twimg.com/media/F_xm3q4XIAAo9au.jpg,,880015045039710208,DenizAKarabulut,,1728369476599488765,2023-11-25T11:06:09,1,,,1728369476599488765,,,,,,,,post,0,,,0,0,,"The economy of Dubai... and the oil.

Once heavily reliant on oil, Dubai's leadership anticipated that the future will be different.

In the late 20th century, Dubai's rulers foresaw the need to reduce oil dependency. Their strategy? Transforming Dubai into a global hub for‚Ä¶ https://t.co/uSBvNR8WV9",en,,,1700910369,107,dubai economy,unknown,unknown,2023-11-30 17:56:07.415581
,https://pbs.twimg.com/media/F_xve92XgAAvoKT.jpg,,1291608967492145153,Uncanny_llama,,1728370657577373759,2023-11-25T11:43:45,0,,,1728378939989770330,1728376994671505838,2993339798,Vinamralongani,,,,,reply,0,,,1,0,,"@Vinamralongani @airvistara This was me, Mumbai to Dubai on EK

What amazed me, they provided with steel cutlery, which is diminishing in the economy section.

The meal was mouth watering. Full of flavours. https://t.co/aLIOWBvm36",en,Vinamralongani--|--airvistara,,1700912625,39,dubai economy,unknown,unknown,2023-11-30 17:56:07.415581
,https://video.twimg.com/amplify_video/1728186036323520512/vid/avc1/1920x1080/-TDnYm7PqWAbW7oV.mp4?tag=16,https://video.twimg.com/amplify_video/1728186036323520512/vid/avc1/1920x1080/-TDnYm7PqWAbW7oV.mp4?tag=16,1652541,Reuters,,1728388060885520607,2023-11-25T12:20:00,42,,,1728388060885520607,,,,,,,,post,0,,,6,13,,"The dollar's drop to China's faltering economy, the #COP28 summit in Dubai, the health of the Chinese economy, and more. These are the business stories to watch out for over the coming week https://t.co/hV1nSzqsEb",en,,cop28,1700914800,61433,dubai economy,unknown,unknown,2023-11-30 17:56:07.415581
,https://video.twimg.com/amplify_video/1728185391730274304/vid/avc1/1920x1080/hFbvvmdKeI00aUY2.mp4?tag=16,https://video.twimg.com/amplify_video/1728185391730274304/vid/avc1/1920x1080/hFbvvmdKeI00aUY2.mp4?tag=16,15110357,ReutersBiz,,1728390578172486043,2023-11-25T12:30:00,12,,,1728390578172486043,,,,,,,,post,0,,,5,4,,"WATCH: The dollar's drop to China's faltering economy, the #COP28 summit in Dubai, the health of the Chinese economy, and more. These are the business stories to watch out for over the coming week https://t.co/s8uXooX8OB",en,,cop28,1700915400,17818,dubai economy,unknown,unknown,2023-11-30 17:56:07.415581
,https://video.twimg.com/amplify_video/1728185075995688960/vid/avc1/1920x1080/os4Ii8MfG6PCfUaV.mp4?tag=16,https://video.twimg.com/amplify_video/1728185075995688960/vid/avc1/1920x1080/os4Ii8MfG6PCfUaV.mp4?tag=16,15954704,ReutersAsia,,1728393094259707907,2023-11-25T12:40:00,0,,,1728393094259707907,,,,,,,,post,0,,,0,0,,"The dollar's drop to China's faltering economy, the #COP28 summit in Dubai, the health of the Chinese economy, and more. These are the business stories to watch out for over the coming week https://t.co/gpDSb5cphq",en,,cop28,1700916000,1475,dubai economy,unknown,unknown,2023-11-30 17:56:07.415581
,,,571655062,steven1976a,,1728149727559176409,2023-11-25T14:26:42,1,,,1728419944881336494,1728159505693765802,65516769,ObamaNoMessiah,,,,,reply,0,,,3,0,,"@ObamaNoMessiah @ProGolfCritic @davestrom6 @BobBallPdx They are going to build their economy like Dubai have done as a tourist destination. It will take time obviously, like it did for Dubai but eventually there will be billions coming into their economy and golf is scene as part of that building block and this all advertises them",en,BobBallPdx--|--ObamaNoMessiah--|--ProGolfCritic--|--davestrom6,,1700922402,96,dubai economy,unknown,unknown,2023-11-30 17:56:07.415581
,,,1720368200028737536,RobinRealtorDxb,,1728470677869486265,2023-11-25T17:48:17,1,,,1728470677869486265,,,,,,,,post,0,,,0,0,,"Dubai's economy is diverse, with sectors such as real estate, tourism, aviation, and financial services playing key roles. The emirate has strategically invested in infrastructure and positioned itself as a global business hub. #Dubai #dubailife #dubairealestate #UAE #AbuDhabi",en,,abudhabi--|--dubai--|--dubailife--|--dubairealestate--|--uae,1700934497,42,dubai economy,unknown,unknown,2023-11-30 17:56:07.415581
,https://pbs.twimg.com/media/F_zGHOKXAAACaXz.jpg,,916303836020649984,OvaisSarmad,,1728474188975894911,2023-11-25T18:02:14,16,,,1728474188975894911,,,,,,,,post,0,,,0,3,,Looking forward to participating in ‚Å¶@wgeoorg‚Å© summit ahead of ‚Å¶@COP28_UAE‚Å© in Dubai to build up momentum for a greener economy & sustainable development. https://t.co/UzdRAyNA9Y,en,COP28_UAE--|--wgeoorg,,1700935334,917,dubai economy,unknown,unknown,2023-11-30 17:56:07.415581
,,,212790576,niravstoons,,1728659415543566344,2023-11-26T06:18:16,27,,,1728659415543566344,,,,,,,,quote,0,1728600433197801971,divajain2,1,7,,"In 1950s 

Bombay, Calcutta, Madras were ahead of 

Singapore, Hong Kong and Dubai. 

1. Due to no hinterland to cross subsidize 
2. Leadership focused on Business 
3. Gate way to larger strong economy 

In 2020s we need Indian cities to step up and close the gap",en,,,1700979496,3014,dubai economy,unknown,unknown,2023-11-30 17:56:07.415581
https://www.khaleejtimes.com/uae/from-london-to-dubai-1500-millionaires-move-to-uae-hundreds-more-to-arrive,,,37271364,MatiurDC,,1728713077515055417,2023-11-26T09:51:30,0,,,1728713077515055417,,,,,,,,post,0,,,0,0,,#dubai #economy  https://t.co/FGO7oFVife,qme,,dubai--|--economy,1700992290,16,dubai economy,unknown,unknown,2023-11-30 17:56:07.415581
,,,1605516904638070784,AyodejiJoda,,1728366059269259512,2023-11-26T11:39:29,0,,,1728740254583230628,1728366059269259512,1391449840467550213,EbiriGbonka,,,,,reply,0,,,0,0,,"@EbiriGbonka @el_jay_05 To crown it all, no light, no water, no jobs, bad roads, no access to basic health, education is worse, economy is at a low etc. All because of the igbos. 
Me: Conduct a referendum an allow the igbos to go.And immediately Nigeria will turn to Dubai. Problem solved. Very simple.üòé",en,EbiriGbonka--|--el_jay_05,,1700998769,32,dubai economy,unknown,unknown,2023-11-30 17:56:07.415581
,,,124648683,durolabb2k20,,1728485205894135826,2023-11-26T13:19:56,0,,,1728765530365190370,1728485205894135826,614217369,sir_balemoh,,,,,reply,0,,,0,0,,@sir_balemoh Yes and that‚Äôs why he lives in Dubai and Adamawa‚Äôs economy is the best after üêî shiooor,en,sir_balemoh,,1701004796,34,dubai economy,unknown,unknown,2023-11-30 17:56:07.415581
,,,2792775718,BBmanzira,,1728781439896899587,2023-11-26T14:23:09,0,,,1728781439896899587,,,,,,,,post,0,,,0,0,,"People may say Zimbabwe is going down, yes it's deeply in problems, but wait for south Africa, Zimbabwe is going to be the Dubai of south Africans. The south African economy is going South and very rapidly. Watch this space",en,,,1701008589,36,dubai economy,unknown,unknown,2023-11-30 17:56:07.415581
,,,1580883259335921666,Openatic,,1728789272487149886,2023-11-26T14:54:16,29,,,1728789272487149886,,,,,,,,quote,0,1728727294233948333,shangi_zone,3,4,,"UAE was always an exception in the region. Dubai has had a diversified economy for some time. There is nothing new in this.

All the attempts by other countries to do the same have not been so successful. The gulf countries run on one of the most unsustainable models. Contraction‚Ä¶",en,,,1701010456,1537,dubai economy,unknown,unknown,2023-11-30 17:56:07.415581
,,,1568883166034939904,Mandikr777,,1728802410233987542,2023-11-26T16:19:45,0,,,1728810782841061709,1728810183634354611,762582085714325504,hydrang9a,,,,,reply,0,,,0,0,,@hydrang9a True that. U guys r carrying dubai‚Äôs economy on ur shoulders ngl,en,hydrang9a,,1701015585,37,dubai economy,unknown,unknown,2023-11-30 17:56:07.415581
https://infrachronicle.in/the-week-rishi-and-the-king-go-to-dubai/,,,1697727688046424064,infrachronicle,,1728866734445351171,2023-11-26T20:02:04,0,,,1728866734445351171,,,,,,,,post,0,,,0,0,,"The Week ‚Ä¶ Rishi and the King go to Dubai
#news #infrastructure #tech #economy #headlines #modi #elonmusk #trump #bharat
https://t.co/pH5YSm7d3Z",en,,bharat--|--economy--|--elonmusk--|--headlines--|--infrastructure--|--modi--|--news--|--tech--|--trump,1701028924,12,dubai economy,unknown,unknown,2023-11-30 17:56:07.415581
,,,563092335,capnwestwood,,1728831012103463241,2023-11-26T21:31:34,1,,,1728889256507298127,1728831012103463241,1160599200284860416,FinPlanKaluAja1,,,,,reply,0,,,2,0,,"@FinPlanKaluAja1 @cenbank And this will improve the economy how? In practical terms explain. What does Dubai produce in exportable quantity? They I.port even fruits yet their economy is strong. If you're saying our journey to resilience is tied to purchasing M-I-NG cars, then explain how.",en,FinPlanKaluAja1--|--cenbank,,1701034294,95,dubai economy,unknown,unknown,2023-11-30 17:56:07.415581
https://ift.tt/Va4wksE,,,1096039593110106115,fatshimetrie,,1728964202851709194,2023-11-27T02:29:23,0,,,1728964202851709194,,,,,,,,post,0,,,0,0,,‚ÄúF√©lix Tshisekedi suspends his electoral campaign to promote a sustainable economy during COP28 in Dubai‚Äù https://t.co/pXvtCjtYk1,en,,,1701052163,20,dubai economy,unknown,unknown,2023-11-30 17:56:07.415581
https://www.foxnews.com/us/dc-mayor-travels-dubai-climate-change-conference-spiraling-crime,,,22028789,LisaRaymondAZ,,1728968450834600435,2023-11-27T02:46:16,0,33.601052179999996,-112.50902248,1728968450834600435,,,,US,United States,"Arizona, USA",admin,post,0,,,0,0,,"What gives #MurielBowser the right to travel on her city's money when she can't govern D.C.? Obviously constituents' safety & economy aren't important.

DC mayor travels to Dubai for climate change conference, promote tourism amid spiraling crime

https://t.co/WqCxnRAsQ3",en,,murielbowser,1701053176,26,dubai economy,unknown,unknown,2023-11-30 17:56:07.415581
https://buff.ly/40Ui7vk,https://pbs.twimg.com/media/F_6gxBwXAAEz0cZ.jpg,,561287237,EventBrowse_com,,1728996073417449847,2023-11-27T04:36:02,0,,,1728996075984273477,1728996074679877744,561287237,EventBrowse_com,,,,,reply,0,,,1,0,,"@FortuneMagazine @DWTCOfficial @CAPA_Aviation @COP28_UAE 'World Green Economy Summit 2023' by @DWTCOfficial, starting on Nov, 28 2023 in Dubai. Providing a platform to build consensus around the potential of technologies, policies and youth as engines of a green economy transformation #WGES2023 - more info: https://t.co/f4SGTPIopT https://t.co/S3tohQwL0r",en,CAPA_Aviation--|--COP28_UAE--|--DWTCOfficial--|--FortuneMagazine,wges2023,1701059762,312,dubai economy,unknown,unknown,2023-11-30 17:56:07.415581
,,,1711827208350666752,ali1274901,,1729012393983058233,2023-11-27T06:00:42,0,,,1729017381933228353,1729012393983058233,866332226,RizwanGhilzai,,,,,reply,0,,,0,0,,@RizwanGhilzai Konsi improvement agai hy economy ma Dubai viso par pabandi lgwa di taky agent hazrat ki kmaai ho sakky,in,RizwanGhilzai,,1701064842,89,dubai economy,unknown,unknown,2023-11-30 17:56:07.415581
https://icobbe.com/dubai-scattered-with-towering-buildings-has-thrived-through-local-crises-might-holding-cop28-be-advantageous/,https://pbs.twimg.com/media/F_63bSYaQAAXDgO.jpg,,910773655298125824,NewsBusiness_IC,,1729020989458260016,2023-11-27T06:15:02,0,,,1729020989458260016,,,,,,,,post,0,,,0,0,,"New post (Dubai, scattered with towering buildings, has thrived through local crises. Might holding COP28 be advantageous?) has been published on Business News ‚Äì The Latest News on the Economy & Financial - https://t.co/KnLYyGTeGg https://t.co/XOjm6Gd05p",en,,,1701065702,9,dubai economy,unknown,unknown,2023-11-30 17:56:07.415581
,,,92769204,kwazibruce,,1729032411986686447,2023-11-27T07:00:25,1,,,1729032411986686447,,,,,,,,post,0,,,0,0,,"Neither Biden nor Kamala is going to Dubai for COP 28, apparently the oldman wants to stay in DC and oversee Israel, not the US economy, Israel.",en,,,1701068425,53,dubai economy,unknown,unknown,2023-11-30 17:56:07.415581
,https://pbs.twimg.com/media/F_7ISiIXQAA-rrw.jpg--|--https://pbs.twimg.com/media/F_7ITKPWcAErxhc.jpg,,160130054,DEWAOfficial,,1729039544085811445,2023-11-27T07:28:45,3,,,1729039544085811445,,,,,,,,post,1,,,0,0,,"Under the patronage of HH Sheikh Mohammed bin Rashid Al Maktoum, Vice President and Prime Minister of the UAE and Ruler of Dubai, the 9th World Green Economy Summit launches tomorrow, Tuesday, under the theme ‚ÄòBridging the Gap to the Future: Advancing the Global Green Economy‚Äô. https://t.co/IBHvFPVw4P",en,,,1701070125,399,dubai economy,unknown,unknown,2023-11-30 17:56:07.415581
,,,111636806,kailashiitm,,1729061260678119661,2023-11-27T08:55:04,0,,,1729061262901006775,1729061260678119661,111636806,kailashiitm,,,,,reply,0,,,0,0,,"- Hotels in Dubai are cheaper than India in Dec/Jan
- Thailand trip with 5* resort is less costlier than Goa Trip
- Get tag of Foreign travel in passport and social media post
- Quality of service and Cleanliness is better in tourism driven economy",en,,,1701075304,21,dubai economy,unknown,unknown,2023-11-30 17:56:07.415581
,,,86245200,rajeevthegupta,,1728829501420060851,2023-11-27T09:01:11,0,,,1729062803162689877,1728829501420060851,1474956502863532036,RealBababanaras,,,,,reply,0,,,0,0,,"@RealBababanaras I lived there Islam has different definition there , no on road slaughter, namaz, only hijab is must not burka, all hotels in night full with family members, new king realised the concept of Dubai and thinking by using Saudi economy Dubai is growing jus cos open to few things.",en,RealBababanaras,,1701075671,409,dubai economy,unknown,unknown,2023-11-30 17:56:07.415581
,https://pbs.twimg.com/media/F_7mnE1W8AA2VAM.jpg,,158217013,mmuzammilabbaas,,1729072896264589643,2023-11-27T09:41:17,0,24.918420320000003,55.419732380000006,1729072896264589643,,,,AE,United Arab Emirates,"Dubai, United Arab Emirates",admin,post,0,,,0,0,,Money or excuses?   #innovation #management #humanresources #digitalmarketing #investor #Dubai #futurism #entrepreneurship #careers #startups #marketing #socialmedia #venturecapital #Invest #economy #socialnetworking #economics #investing #Dubailife #luxury #InvestorAwareness https://t.co/SDNV5Yl7j5,en,,careers--|--digitalmarketing--|--dubai--|--dubailife--|--economics--|--economy--|--entrepreneurship--|--futurism--|--humanresources--|--innovation--|--invest--|--investing--|--investor--|--investorawareness--|--luxury--|--management--|--marketing--|--socialmedia--|--socialnetworking--|--startups--|--venturecapital,1701078077,25,dubai economy,unknown,unknown,2023-11-30 17:56:07.415581
http://dlvr.it/SzMSy1,https://pbs.twimg.com/media/F_7szIVaQAAPPck.jpg,,102884488,UAEBusinessNews,,1729079671806124465,2023-11-27T10:08:13,1,,,1729079671806124465,,,,,,,,post,0,,,0,0,,"World Green Economy Summit brings together renowned local, global officials and experts in Dubai https://t.co/8hQzJMjG0Z https://t.co/PViWL9n107",en,,,1701079693,72,dubai economy,unknown,unknown,2023-11-30 17:56:07.415581
,,,2258928058,ciaranoshea82,,1728953988039708674,2023-11-27T10:14:55,0,,,1729081360961388659,1728953988039708674,19293731,jasonomahony,,,,,reply,0,,,0,0,,"@jasonomahony Find it hard to believe the economy would collapse if Roma were cut off from social welfare!
Speaking to a taxi driver in Dubai, he said once I retire I will have to leave, no free house there, you pay your way. 
A middle-ground is fine but EU is obsessed with social welfare.",en,jasonomahony,,1701080095,35,dubai economy,unknown,unknown,2023-11-30 17:56:07.415581
https://digitalroar.ae/services/blockchain-development-company-dubai-uae,https://pbs.twimg.com/media/F_7xhYdasAAWgqo.jpg,,1497191566414606338,DigitalRoarUAE,,1729084873590394975,2023-11-27T10:28:53,1,,,1729084873590394975,,,,,,,,post,0,,,1,1,,"Empowering Tomorrow's Trust Economy through #BlockchainDevelopment
Explore the transformative potential of secure, transparent & #decentralized solutions
Visit us https://t.co/Ut7Pntc3EH
#Blockchain #Dubai #UAE #DigitalroarSoftlabs #DRS #blockchaintechnology #BlockchainInnovation https://t.co/M3A2Gmiq5k",en,,blockchain--|--blockchaindevelopment--|--blockchaininnovation--|--blockchaintechnology--|--decentralized--|--digitalroarsoftlabs--|--drs--|--dubai--|--uae,1701080933,27,dubai economy,unknown,unknown,2023-11-30 17:56:07.415581
,,,782958656639733761,vikasgupta_11,,1729104916906701122,2023-11-27T11:48:32,0,,,1729104916906701122,,879662622,EmiratesSupport,,,,,post,1,,,0,0,,@EmiratesSupport i would like to fly dubai to boston in premium economy. Please start the sector asap. There is no other airline which is as comfortable as @emirates. Pl suggest if you are planning by mid 2024,en,EmiratesSupport--|--emirates,,1701085712,37,dubai economy,unknown,unknown,2023-11-30 17:56:07.415581
,https://pbs.twimg.com/media/F_8INvwWEAEvVzD.jpg,,1275209331240308736,pk_economy,,1729109816822395369,2023-11-27T12:08:00,201,,,1729109816822395369,,,,,,,,post,2,,,8,17,,"Pakistan won't host ICC Champions Trophy 2025; Dubai steps in or considers hybrid model, pending change in Indian Government's stance. https://t.co/XP4cMMt1j0",en,,,1701086880,9259,dubai economy,unknown,unknown,2023-11-30 17:56:07.415581
,,,1588416961796800512,mainhoonyaar_,,1729112052814561692,2023-11-27T12:16:53,6,,,1729112052814561692,,,,,,,,post,0,,,0,0,,"If buying Israeli products is funding for #genocide then boosting the economy of dubai & Arab through your visits is? 
Performing Hajj is one of the pillar of islam but one should only bear travel & living expenses there!!! If you're against this then you're a hypocrite.",en,,genocide,1701087413,401,dubai economy,unknown,unknown,2023-11-30 17:56:07.415581
https://live.skift.com/skift-global-forum-east-2023/,https://pbs.twimg.com/media/F_8Mu2bWMAAGH6Z.jpg--|--https://pbs.twimg.com/media/F_8MwIsbIAAMBfq.jpg--|--https://pbs.twimg.com/media/F_8MxA7X0AApHZF.jpg,,761149154,DubaiDET,,1729115059094442439,2023-11-27T12:28:50,9,,,1729115059094442439,,,,,,,,post,1,,,0,4,,".@skift Global Forum East, presented by Dubai's Department of Economy and Tourism at The Atlantis Royal Hotel from December 12-14, explores the impact of emerging technologies on the accelerating travel industry. https://t.co/DWevufVnnG #Dubai #Skift2023 https://t.co/zGjrEu7GDm",en,skift,dubai--|--skift2023,1701088130,4420,dubai economy,unknown,unknown,2023-11-30 17:56:07.415581
,,,1031523552246353920,yerakaz,,1729125421323796547,2023-11-27T13:10:00,1,24.918420320000003,55.419732380000006,1729125421323796547,,,,AE,United Arab Emirates,"Dubai, United Arab Emirates",admin,quote,0,1729117581095919765,undpkaz,0,0,,"I am at future foresight event in Dubai today, but just 2 days ago I was facilitating expert session on creative industries in #Almaty, which was the 3rd session in the series held across üá∞üáø. Glad to see a shared understanding of the industry's growth impact for economy and SDGs.",en,,almaty,1701090600,120,dubai economy,unknown,unknown,2023-11-30 17:56:07.415581
https://bit.ly/3GjL8r2,https://pbs.twimg.com/media/F_8XrTVb0AA9AFF.png,,1136255789872496640,way2smiledubai,,1729126839447355476,2023-11-27T13:15:38,1,,,1729126839447355476,,,,,,,,post,0,,,0,0,,"In Dubai, Microsoft CEO Satya Nadella highlighted AI's crucial role in advancing the UAE's digital economy, citing the country's potential to lead in the ""AI race"" with its expanding digital presence.

Explore Here : https://t.co/tKUgNvVIrw

#MicrosoftUAE #MicrosoftAI #AI #UAE https://t.co/y7msXTJT9e",en,,ai--|--microsoftai--|--microsoftuae--|--uae,1701090938,32,dubai economy,unknown,unknown,2023-11-30 17:56:07.415581
,https://pbs.twimg.com/media/F_8dfP-W8AAhn5R.jpg,,1595774664806211584,MoneyDubai_ae,,1729133235391926443,2023-11-27T13:41:03,3,,,1729133235391926443,,,,,,,,post,0,,,2,2,,"üö®UAE‚Äôs Al-Futtaim Group Plans $1bn Investment in Egypt

‚ñ´Ô∏èGroup aims to double Carrefour's branches from 70 to 140 across 25 cities

üßµ How would this benefit the Egyptian economy?

#UAE #Egypt #Investment https://t.co/dnC5i6yn7Y",en,,egypt--|--investment--|--uae,1701092463,734,dubai economy,unknown,unknown,2023-11-30 17:56:07.415581
,,,28232334,JeremySimes,,1729230308795617626,2023-11-27T20:06:48,1,,,1729230311010205783,1729230308795617626,28232334,JeremySimes,,,,,reply,0,,,2,1,,"Premier Scott Moe says SK's economy is doing well. Report after report says we're growing, with record exports. He says he's also going to Dubai to promote SK's story. #skpoli",en,,skpoli,1701115608,275,dubai economy,unknown,unknown,2023-11-30 17:56:07.415581
,,,39279658,BravePak1947,,1729109816822395369,2023-11-27T21:12:33,1,,,1729246860055888022,1729109816822395369,1275209331240308736,pk_economy,,,,,reply,0,,,0,0,,"@pk_economy PCB must not accept this. It's Dubai, who is behind Indian BCC to rejections.",en,pk_economy,,1701119553,46,dubai economy,unknown,unknown,2023-11-30 17:56:07.415581
http://3.Pay,,,1553115917403430918,CTRuler,,1729270503209107826,2023-11-27T22:46:30,119,,,1729270503209107826,,,,,,,,post,1,,,5,20,,"WadzPay Stage 1 VARA Approval Process ‚úÖÔ∏è $WTK

Stage 1 - Initial Approval Application

1.Submit an Initial Disclosure Questionnaire [IDQ] to Dubai Economy & Tourism [DET] or a relevant Free Zone Authority [FZA]

2.Provide additional documentation as required. Such documentation‚Ä¶",en,,,1701125190,4952,dubai economy,unknown,unknown,2023-11-30 17:56:07.415581
,,,31594702,itsnevybaby,,1729292601717866650,2023-11-28T01:46:31,0,,,1729315802413781379,1729314208875946054,31187164,ITSDJFLOW,,,,,reply,0,,,1,0,,@ITSDJFLOW Bring that Dubai economy back with you ü§£ü§£ü§£,en,ITSDJFLOW,,1701135991,169,dubai economy,unknown,unknown,2023-11-30 17:56:07.415581
http://ow.ly/EiF01053NGI,https://pbs.twimg.com/media/F__N-LbXYAEtLv3.jpg,,392258619,LuisMenesesR,,1729327251743805673,2023-11-28T02:32:00,0,,,1729327251743805673,,,,,,,,post,0,,,0,0,,"With #COP28 in Dubai around the corner, Swiss Re CEO Christian Mumenthaler outlines a series of proposals to accelerate the transition to a lower-carbon economy. It's going to take teamwork, he writes, but we've been able to solve big challenges before. https://t.co/TWY4uy5lxx https://t.co/3K4XGbraVI",en,,cop28,1701138720,19,dubai economy,unknown,unknown,2023-11-30 17:56:07.415581
,https://video.twimg.com/ext_tw_video/1729380750921781248/pu/vid/avc1/720x900/HEMlUAiiuqLztm9A.mp4?tag=12,https://video.twimg.com/ext_tw_video/1729380750921781248/pu/vid/avc1/720x900/HEMlUAiiuqLztm9A.mp4?tag=12,1187394819854917635,Emirates_News,,1729380891573576023,2023-11-28T06:05:09,1,,,1729380891573576023,,,,,,,,post,0,,,0,0,,"His Excellency Omar Sultan Al Olama, Minister of State for Artificial Intelligence, Digital Economy and Remote Work Applications, and Deputy Managing Director of the Dubai Future Foundation, officially opened the Dubai Future Forum 2023. The forum boasted the participation of‚Ä¶ https://t.co/9aQLoOtR8Q",en,,,1701151509,86,dubai economy,unknown,unknown,2023-11-30 17:56:07.415581
,https://pbs.twimg.com/media/GAADhZBWsAA8RLT.png--|--https://pbs.twimg.com/media/GAADhZEXIAAZYQQ.png,,1699320206189797376,LPozdeev59417,,1729386682548363269,2023-11-28T06:28:10,0,,,1729386682548363269,,,,,,,,post,0,,,1,0,,"üöÄ D33: Dubai's Economic Triumph Unveiled! üåç

Exciting news! His Highness Sheikh Mohammed Bin Rashid Al Maktoum has launched the Dubai Economic Agenda ""D33,"" igniting a decade-long mission to double Dubai's economy and secure a top-three global city status.

@MaktoumMohammed https://t.co/2gK4R7X6EL",en,MaktoumMohammed,,1701152890,30,dubai economy,unknown,unknown,2023-11-30 17:56:07.415581
,https://pbs.twimg.com/media/GAAEz30XQAAI41C.jpg,,2759034978,lniazi12,,1729387555710243117,2023-11-28T06:31:38,1,,,1729387555710243117,,,,,,,,post,0,,,0,0,,"Invest in Dubai property for strategic location, growing economy, tax benefits, high rental yields, and top-notch amenities. #DubaiRealEstate #InvestmentOpportunity #GlobalHub #TaxAdvantages #RentalYields #LuxuryLiving https://t.co/pbGZYQKbuU",en,,dubairealestate--|--globalhub--|--investmentopportunity--|--luxuryliving--|--rentalyields--|--taxadvantages,1701153098,33,dubai economy,unknown,unknown,2023-11-30 17:56:07.415581
,https://pbs.twimg.com/media/GAAJY-PWoAAj62Y.jpg,,1555213337973096449,HSMAI_ME,,1729392906585149755,2023-11-28T06:52:54,0,,,1729392906585149755,,,,,,,,post,0,,,0,1,,"We start with a Fireside chat, where @RaniaYounes , Senior Radio & TV Presenter is in conversation with Hoor Alkhaja, Senior Vice President, International Operations, Dubai‚Äôs Department of Economy and Tourism (DET). 
.
#HSMAIME #ROC2023 #ROCME #DET #dubaitourism https://t.co/59PZyGgxUm",en,RaniaYounes,det--|--dubaitourism--|--hsmaime--|--roc2023--|--rocme,1701154374,59,dubai economy,unknown,unknown,2023-11-30 17:56:07.415581
https://youtube.com/playlist?list=PLgyXCPiFWW1l6rpQzpbfyzeRS5wClRFcJ&si=Hsg0qJm6HiteUoMD,https://video.twimg.com/amplify_video/1729402113405358080/vid/avc1/720x1280/VwiM9lJECk3vr9BJ.mp4?tag=14,https://video.twimg.com/amplify_video/1729402113405358080/vid/avc1/720x1280/VwiM9lJECk3vr9BJ.mp4?tag=14,366362297,Ornella_Hdz,,1729402230510362646,2023-11-28T07:29:57,0,,,1729402230510362646,,,,,,,,post,0,,,0,1,,"Thanks @drmarwan for taking the time to talk about how #Dubai‚Äôs digital economy is addressing the next 10 years 

This interview and others from the Sustainable Tech and Impact Investing Summit hosted by Carter Capital are live on @Web3TV_ 

üëâüèºhttps://t.co/sRkN2aDo95 https://t.co/ZSa3bC8vC6",en,Web3TV_--|--drmarwan,dubai,1701156597,236,dubai economy,unknown,unknown,2023-11-30 17:56:07.415581
,https://video.twimg.com/amplify_video/1729417197368258560/vid/avc1/1920x1080/eUHVrFmF65uSQscr.mp4?tag=16,https://video.twimg.com/amplify_video/1729417197368258560/vid/avc1/1920x1080/eUHVrFmF65uSQscr.mp4?tag=16,1276177187322945541,Forbes_MENA_,,1729418716637442212,2023-11-28T08:35:27,1,,,1729418716637442212,,,,,,,,post,0,,,2,0,,"Oil edges higher as Saudi requests OPEC+ cut production & China‚Äôs ICBC lists $2.03 billion green bonds on Nasdaq Dubai, on the #DailyBrief with @RamiaFarrage 

#Forbes #Oil #SaudiArabia #IEA #China #Shein #Binance #Climate #Economy #Startup

@opecsecretariat https://t.co/MLPBxQZRiK",en,OPECSecretariat--|--RamiaFarrage,binance--|--china--|--climate--|--dailybrief--|--economy--|--forbes--|--iea--|--oil--|--saudiarabia--|--shein--|--startup,1701160527,282,dubai economy,unknown,unknown,2023-11-30 17:56:07.415581
,https://pbs.twimg.com/media/GAAj0wWWIAEFBw3.jpg,,1193055165147951104,SalmaIddy8,,1729421656085467629,2023-11-28T08:47:08,59,,,1729421656085467629,,,,,,,,post,1,,,6,13,,"""Salma Iddi, our ARF delegate for COP28 in Dubai, is a true blue-green hero. Her commitment echoes through advocacy for sustainable practices, environmental preservation, and leveraging technology for blue economy and biodiversity conservation.
#COP28 #Cop28Dubai #ClimateAction https://t.co/0L2thBzHAj",en,,climateaction--|--cop28--|--cop28dubai,1701161228,3328,dubai economy,unknown,unknown,2023-11-30 17:56:07.415581
,https://video.twimg.com/ext_tw_video/1729423753665523713/pu/vid/avc1/720x1280/OpQR9jtbKqkx0BHe.mp4?tag=12,https://video.twimg.com/ext_tw_video/1729423753665523713/pu/vid/avc1/720x1280/OpQR9jtbKqkx0BHe.mp4?tag=12,1673606102771195904,SInchesR,,1729424035606622244,2023-11-28T08:56:35,0,,,1729424035606622244,,,,,,,,post,0,,,0,0,,"""Square Inches Realty presents the Top 5 reasons to invest in Dubai: Thriving population, cutting-edge innovation, a fast-paced economy, luxurious living standards, and tax-free investment opportunities. Unlock the potential of your investments with Dubai
#dubairealestate #dubai https://t.co/foDi0rZtkv",en,,dubai--|--dubairealestate,1701161795,31,dubai economy,unknown,unknown,2023-11-30 17:56:07.415581
,https://pbs.twimg.com/media/GAA0l4YbAAAOitW.jpg,,2408881975,smartzones_uae,,1729443085053272343,2023-11-28T10:12:17,3,,,1729443085053272343,,,,,,,,post,1,,,1,1,,"Why Reopening of China is
Good News for the UAE Economy?

#businesstips #businesssetup #dubailife #mydubai #businessinuae #businesscoach #businessideas #UAE #Dubai #Entrepreneur #BusinessGrowth #FreeZoneDubai #BusinessSetUpDubai #StartYourBusiness https://t.co/wQdPxgs3mM",en,,businesscoach--|--businessgrowth--|--businessideas--|--businessinuae--|--businesssetup--|--businesssetupdubai--|--businesstips--|--dubai--|--dubailife--|--entrepreneur--|--freezonedubai--|--mydubai--|--startyourbusiness--|--uae,1701166337,116,dubai economy,unknown,unknown,2023-11-30 17:56:07.415581
,https://pbs.twimg.com/media/GAA5aVuWcAARY_x.jpg,,1467443342971707393,Economy_ME,,1729445635026190497,2023-11-28T10:22:25,3,,,1729445635026190497,,,,,,,,post,0,,,0,0,,"During his opening keynote at the Dubai Future Forum 2023, H.E. Omar Sultan Al Olama says: ""The UAE, where 200 nationalities live in harmony, is a beacon of hope in the Middle East, where people are pioneering the future.‚Äù

#DubaiFutureForum2023 #DubaiFuture #Dubai #DubaiLife‚Ä¶ https://t.co/iWHsnzqogi",en,,dubai--|--dubaifuture--|--dubaifutureforum2023--|--dubailife,1701166945,74,dubai economy,unknown,unknown,2023-11-30 17:56:07.415581
,https://pbs.twimg.com/media/GAA9WK_bQAA2EqH.jpg,,1708738326889713664,iontrendzuae,,1729449720836477118,2023-11-28T10:38:39,0,,,1729449720836477118,,,,,,,,post,0,,,0,0,,"The World Green Economy Summit, which is in its ninth edition, is being organized by the DEWA, the WGEO, and the Dubai Supreme Council of Energy

#iontrendzuae #iontrendz #uae #dubai #unitedarabemirates #abudhabi #sharjah #ajman #fujairah #worldgreen #economysummit #dewa #summit https://t.co/1fFBA4HEKz",en,,abudhabi--|--ajman--|--dewa--|--dubai--|--economysummit--|--fujairah--|--iontrendz--|--iontrendzuae--|--sharjah--|--summit--|--uae--|--unitedarabemirates--|--worldgreen,1701167919,82,dubai economy,unknown,unknown,2023-11-30 17:56:07.415581
,https://pbs.twimg.com/media/GAA-UH0W0AAy6g2.jpg,,1587371111779647490,NatCen_Int,,1729452891298001345,2023-11-28T10:51:15,4,,,1729452891298001345,,,,,,,,post,2,,,1,2,,"NEW BLOG: Following the #APClimateWeek this month, and ahead of the UN #COP28 in Dubai this week, @Envpol_AnnVu and @Locsociallife investigate the intersection between climate change and the gig economy. Explore their insights on workers‚Äô rights in this article.üßµ https://t.co/wzOC0W4MbK",en,Envpol_AnnVu--|--Locsociallife,apclimateweek--|--cop28,1701168675,920,dubai economy,unknown,unknown,2023-11-30 17:56:07.415581
https://rb.gy/fsshxi,https://pbs.twimg.com/media/GABO9aRWgAAwhuk.jpg,,1467443342971707393,Economy_ME,,1729469427194712178,2023-11-28T11:56:58,2,,,1729469427194712178,,,,,,,,post,0,,,0,0,,"ÿßÿ≠ÿ™ŸÑÿ™ ÿ•ŸÖÿßÿ±ÿ© ÿØÿ®Ÿä ÿßŸÑŸÖÿ±ŸÉÿ≤ ÿßŸÑÿ£ŸàŸÑ ÿπÿ±ÿ®ŸäÿßŸã Ÿàÿ•ŸÇŸÑŸäŸÖŸäÿßŸã ŸàÿßŸÑÿ´ÿßŸÖŸÜ ÿπÿßŸÑŸÖŸäÿßŸã ÿπŸÑŸâ ŸÖÿ§ÿ¥ÿ± ŸÇŸàÿ© ÿßŸÑŸÖÿØŸÜ ÿßŸÑÿπÿßŸÑŸÖŸä. Ÿàÿ∞ŸÑŸÉ ÿ®ÿ≠ÿ≥ÿ® ŸÖÿ§ÿ¥ÿ± GPCI ÿßŸÑÿµÿßÿØÿ± ÿπŸÜ ŸÖÿπŸáÿØ ÿßŸÑÿßÿ≥ÿ™ÿ±ÿßÿ™Ÿäÿ¨Ÿäÿßÿ™ ÿßŸÑÿ≠ÿ∂ÿ±Ÿäÿ© ‚Äì ŸÖÿ§ÿ≥ÿ≥ÿ© ‚ÄúŸÖŸàÿ±Ÿä ŸÖŸäŸÖŸàÿ±ŸäÿßŸÑ‚Äù ÿßŸÑŸäÿßÿ®ÿßŸÜŸäÿ©.
ÿßŸÇÿ±ÿ£ ÿßŸÑŸÖÿ≤ŸäÿØ https://t.co/b3MgnBBpi5

#ÿØÿ®Ÿä #ÿßŸÑÿßŸÖÿßÿ±ÿßÿ™ #ÿßŸÑÿ•ŸÖÿßÿ±ÿßÿ™_ÿßŸÑŸäŸàŸÖ #Dubai #dubailife https://t.co/c9rMOIiAvi",ar,,dubai--|--dubailife--|--ÿßŸÑÿ•ŸÖÿßÿ±ÿßÿ™_ÿßŸÑŸäŸàŸÖ--|--ÿßŸÑÿßŸÖÿßÿ±ÿßÿ™--|--ÿØÿ®Ÿä,1701172618,53,dubai economy,unknown,unknown,2023-11-30 17:56:07.415581
,https://pbs.twimg.com/media/GABULGSXcAAZQow.jpg,,1467443342971707393,Economy_ME,,1729474892679012655,2023-11-28T12:18:41,2,,,1729474892679012655,,,,,,,,post,0,,,1,0,,"#Dubai has emerged as the top city in the #MiddleEast and 8th globally in the Global Power City Index 2023, for its exceptional standards in cleanliness, work flexibility, low unemployment, and a favorable corporate tax environment.

Dubai's remarkable achievement sets a regional‚Ä¶ https://t.co/ymbBCXo8JT",en,,dubai--|--middleeast,1701173921,100,dubai economy,unknown,unknown,2023-11-30 17:56:07.415581
http://wa.me/+971521103598--|--https://arabescoproperties.com,https://pbs.twimg.com/media/GABkXE6a8AAfMjp.jpg,,1706977674944733184,Arabesco343262,,1729492668613538171,2023-11-28T13:29:19,0,,,1729492668613538171,,,,,,,,post,0,,,0,0,,"Dubai is a global city with a strong economy and a diverse population. This makes it an attractive destination for both domestic and international investors.

üìû +971 52 110 3598
üì≤ WhatsApp https://t.co/GX7ZbKgUbV
üåê Visit https://t.co/Jj8bdobELi

#arabesco #arabescopropeties https://t.co/Kzs7GIR0ew",en,,arabesco--|--arabescopropeties,1701178159,5,dubai economy,unknown,unknown,2023-11-30 17:56:07.415581
,https://video.twimg.com/ext_tw_video/1729493665113071616/pu/vid/avc1/1280x720/FqKXl8XWE9XvNQpk.mp4?tag=12,https://video.twimg.com/ext_tw_video/1729493665113071616/pu/vid/avc1/1280x720/FqKXl8XWE9XvNQpk.mp4?tag=12,1677230614213279744,11_prop,,1729495097576972304,2023-11-28T13:38:58,3,,,1729495097576972304,,,,,,,,post,0,,,0,0,,"üåè Attention Investors! #Dubai villas from 1M AED. Maximize returns, no tax in a stable economy. Golden Visa benefits and secure estate planning. Limited global investment slots with 11 Prop. #InvestInDubai #GoldenVisa #WealthGrowth üöÄ https://t.co/nZRuRZKDhW",en,,dubai--|--goldenvisa--|--investindubai--|--wealthgrowth,1701178738,76,dubai economy,unknown,unknown,2023-11-30 17:56:07.415581
,https://pbs.twimg.com/media/GABo7RHXcAEjFZA.jpg,,214795204,Kreston_Menon,,1729497779762778436,2023-11-28T13:49:37,0,,,1729497779762778436,,,,,,,,post,0,,,0,0,,"Await for an enlightening Fireside Chat featuring the Chief Guest, His Excellency Helal Saeed Almarri, Director General of the Dubai Department of Economy and Tourism with Sudhir Kumar at the Kreston World & EMEA Conference 2023. #helalsaeedalmarri #KrestonGlobal #krestonmenon https://t.co/tmqtCXxi3V",en,,helalsaeedalmarri--|--krestonglobal--|--krestonmenon,1701179377,16,dubai economy,unknown,unknown,2023-11-30 17:56:07.415581
,https://pbs.twimg.com/media/GABxxW3WwAAWPly.jpg--|--https://pbs.twimg.com/media/GABxxW9X0AAxPAr.jpg--|--https://pbs.twimg.com/media/GABxxXDXoAAZj_a.jpg--|--https://pbs.twimg.com/media/GABxxXaWoAAcSff.jpg,,1217422163634016259,AhmedMohammed,,1729507359913836955,2023-11-28T14:27:41,583,,,1729507359913836955,,,,,,,,post,38,,,110,165,,"I attended the opening of the 9th edition of the World Green Economy Summit organised by Dubai Electricity and Water Authority, the Dubai Supreme Council of Energy, and the World Green Economy Organization.  The summit is being held ahead of COP28 in Expo City, Dubai. This‚Ä¶ https://t.co/KO8DK6ea37",en,,,1701181661,241141,dubai economy,unknown,unknown,2023-11-30 17:56:07.415581
,https://video.twimg.com/amplify_video/1729508408804470784/vid/avc1/1920x1080/Ny2_ke2rN_SLkX5f.mp4?tag=16,https://video.twimg.com/amplify_video/1729508408804470784/vid/avc1/1920x1080/Ny2_ke2rN_SLkX5f.mp4?tag=16,160130054,DEWAOfficial,,1729508543915528579,2023-11-28T14:32:24,1,,,1729508543915528579,,,,,,,,post,0,,,1,0,,"In the presence of HH Sheikh Ahmed bin Mohammed bin Rashid Al Maktoum, Second Deputy Ruler of Dubai, the 9th edition of WGES, started today under the theme 'Bridging the Gap to the Future: Advancing the Global Green Economy'. @WGESummit https://t.co/YLyzEJlqX9",en,WGESummit,,1701181944,231,dubai economy,unknown,unknown,2023-11-30 17:56:07.415581
