attached_links_url,attached_medias_url,attached_videos,author_id,author_username,community_notes,conversation_id,created_time,favorite_count,geo_lat,geo_lon,id,in_reply_to_post_id,in_reply_to_profile_id,in_reply_to_profile_username,place_country_code,place_country_name,place_full_name,place_type,post_type,quote_count,quoted_status_id,quoted_status_profile_username,reply_count,retweet_count,source,text,text_lang,text_tagged_users,text_tags,timestamp,view_count,term,sentiment,tone
,https://pbs.twimg.com/media/F9B7IGiXwAAs1Op.jpg,,1659871093513920512,TheTechKage,,1716006842927587398,2023-10-22T08:21:27,165,,,1716006842927587398,,,,,,,,post,1,,,7,35,,"Data Science 

#DataAnalytics #DataScience #Tech https://t.co/lZ1BMnHz2s",en,,dataanalytics--|--datascience--|--tech,1697962887,8113,data analytics,unknown,unknown
,,,892433001946198026,andreavbecker,,1716107291492057216,2023-10-22T15:00:36,46595,,,1716107291492057216,,,,,,,,quote,1164,1715779383028523018,FilmUpdates,140,5113,,love that everyone‚Äôs rock bottom is registering for a data analytics course,en,,,1697986836,3369484,data analytics,unknown,unknown
,https://video.twimg.com/ext_tw_video/1716137790050598912/pu/vid/avc1/576x1024/cc1_k3NaJ-9-Vo-j.mp4?tag=12,https://video.twimg.com/ext_tw_video/1716137790050598912/pu/vid/avc1/576x1024/cc1_k3NaJ-9-Vo-j.mp4?tag=12,1222867451043512320,workdeyhere,,1716137831721021644,2023-10-22T17:01:58,14,,,1716137831721021644,,,,,,,,post,0,,,0,6,,Six ways to learn Data Analytics and Data Science https://t.co/Es0yU3uosh,en,,,1697994118,574,data analytics,unknown,unknown
,https://pbs.twimg.com/media/F9D6d0zXAAAQsV4.jpg,,202602434,ADAUniversity,,1716146855111700756,2023-10-22T17:37:49,139,,,1716146855111700756,,,,,,,,post,4,,,11,7,,"ADA Community is deeply saddened by the loss of our student, Nijad Huseynov, who passed away after a tragic accident in Washington, DC, üá∫üá∏ 
Nijad was our graduate student at Master of Science in Computer Science and Data Analytics program, dual degree with the GW University. https://t.co/xsFQs2lKgi",en,,,1697996269,63831,data analytics,unknown,unknown
,,,963953231209619456,tddt_5115,,1716259714005365086,2023-10-23T01:06:17,58,,,1716259714005365086,,,,,,,,post,1,,,10,2,,"The mfs on this app who make publicly available hockey data/analytics gotta be the most narcissistic, self-righteous people on earth",en,,,1698023177,8924,data analytics,unknown,unknown
http://amzn.to/3dRgs18,https://pbs.twimg.com/media/F9FszkJaEAAgDfE.jpg,,534563976,KirkDBorne,,1716272571757613201,2023-10-23T01:57:22,600,,,1716272571757613201,,,,,,,,post,4,,,2,145,,"#DataScience for Business ‚Äî What You Need to Know about #DataMining and Data-Analytic Thinking: https://t.co/WnVUv0Et65
‚Äî‚Äî‚Äî‚Äî‚Äî
#BigData #AI #MachineLearning #DataLiteracy #AnalyticThinking #BusinessAnalytics #DataAnalytics #DataScientists #Analytics #DataLeadership @LeadershipData https://t.co/WHsBvNo6OW",en,LeadershipData,ai--|--analytics--|--analyticthinking--|--bigdata--|--businessanalytics--|--dataanalytics--|--dataleadership--|--dataliteracy--|--datamining--|--datascience--|--datascientists--|--machinelearning,1698026242,48001,data analytics,unknown,unknown
http://drive.google.com/drive/mobile/f,,,1690780610007121920,jobseekerhub,,1716390423499862170,2023-10-23T09:45:40,8,,,1716390423499862170,,,,,,,,post,0,,,1,8,,"You can learn the following for FREE:

üìçAgile
üìçBusiness Analytics 
üìçBig Data 
üìçData Analytics
üìçData visualization 
üìçMicrosoft Excel
üìçProduct Management
üìçProject Management 
üìçScrum
üìçSQL
üìçUI/UX

Link:

https://t.co/ZNWy3995IP",en,,,1698054340,767,data analytics,unknown,unknown
https://ezebami04.github.io/EzeBami04.gihub.io/,,,772874988022067200,EzekielOmobami1,,1716407196466987309,2023-10-23T10:52:19,6,,,1716407196466987309,,,,,,,,post,0,,,0,5,,"Hello X Fam

I am looking for a data analytics job or internship.

I am a data analyst with a vast knowledge of SQL, Python, PowerBI, Tableau and Excel. Click on this link to my portfolio website 
https://t.co/ReQzkWWl7c

#DataAnalytics 
#DataScience 
#Database",en,,dataanalytics--|--database--|--datascience,1698058339,451,data analytics,unknown,unknown
https://www.syntaxtechs.com/courses/data-analytics-and-business-intelligence-training-course-online,https://video.twimg.com/ext_tw_video/1716433608892928000/pu/vid/avc1/1280x720/M2GO1VH_8Y7qvOjC.mp4?tag=12,https://video.twimg.com/ext_tw_video/1716433608892928000/pu/vid/avc1/1280x720/M2GO1VH_8Y7qvOjC.mp4?tag=12,1684463530094088192,itzcharlessmith,,1716434117318041627,2023-10-23T12:39:18,0,,,1716434117318041627,,,,,,,,post,0,,,0,0,,"Both online #DataAnalytics #courses and in-person programs offer distinct benefits and drawbacks. Your choice should be based on your individual circumstances, preferred learning style, and #Career objectives. 

Online Data Analytics Course Link: https://t.co/2FyOUur4Kg https://t.co/c4qHc1w1lU",en,,career--|--courses--|--dataanalytics,1698064758,20,data analytics,unknown,unknown
,,,321787970,ErnieLies,,1716440509093224851,2023-10-23T13:04:41,1375,,,1716440509093224851,,,,,,,,quote,1,1715779383028523018,filmupdates,3,44,,Data Analytics guys all in a boardroom screaming ‚Äúwe could‚Äôve had Gladstone!‚Äù,en,,,1698066281,50880,data analytics,unknown,unknown
https://www.tableau.com/solutions/customer/Dubai-Airports-uses-Tableau-to-identify-new-revenue-streams?utm_campaign=60d1cfc4d826a00001d91543&utm_content=6418a1751d9b690001919f36&utm_medium=smarpshare&utm_source=linkedin&utm_term=13+departments+at+the+Dubai+Airports+use+Tableau+for+business+insights+_+from+Finance+to+Capacity+Planning_+%0A%0ABy+analysing+global+ticketing+data+helps+identify+new+flight+routes+and+airline+partnerships_+The+senior+leadership+team+can+also+track+COVID_19+market+recovery+to+inform+facility+re_opening_+Read+the+story+to+learn+more_,,,959273870023905280,boxplothq,,1716457147364417739,2023-10-23T14:10:48,0,,,1716457147364417739,,,,,,,,post,0,,,0,0,,"Here's how one of the world's top-rated airports is using @tableau to maximize the efficiency of their operations. For help with your Tableau-related work, get in touch with @boxplothq's certified #Tableau specialists. #data #analytics https://t.co/L7sPI2c2Nc",en,boxplothq--|--tableau,analytics--|--data--|--tableau,1698070248,23,data analytics,unknown,unknown
,https://video.twimg.com/ext_tw_video/1716721422121267201/pu/vid/avc1/540x960/845embhFbjJq9yiH.mp4?tag=12,https://video.twimg.com/ext_tw_video/1716721422121267201/pu/vid/avc1/540x960/845embhFbjJq9yiH.mp4?tag=12,1482294573456109569,mrym_data,,1716721708575477916,2023-10-24T07:42:05,27,,,1716721708575477916,,,,,,,,post,0,,,1,5,,"To get similar paper in your research üëá

#statistics #dataanalytics #datascience #analytics https://t.co/myyHwK24XF",en,,analytics--|--dataanalytics--|--datascience--|--statistics,1698133325,3020,data analytics,unknown,unknown
,https://pbs.twimg.com/media/F9MyrxHWkAEw-ck.jpg,,1358209833380552712,INIUBONGROBERT1,,1716771613054472526,2023-10-24T11:00:23,18,5.011327959999999,7.91864668,1716771613054472526,,,,NG,Nigeria,"Uyo, Nigeria",city,post,0,,,2,4,,"üöÄ Ready to revolutionize your NFT journey? Explore bitsCrunch! üåêü§ñ Unleash AI-powered insights into NFT trends, find hidden gems, and make informed decisions. Join the data-driven NFT revolution! üìäüíé #NFTs #Crypto #AI #DataAnalytics #Blockchain #bitsCrunch üöÄüîó https://t.co/NxLXLZ2oqA",en,,ai--|--bitscrunch--|--blockchain--|--crypto--|--dataanalytics--|--nfts,1698145223,119,data analytics,unknown,unknown
,https://video.twimg.com/ext_tw_video/1716745125672480768/pu/vid/avc1/1280x720/xxsQfUIksRpZdYjs.mp4?tag=12,https://video.twimg.com/ext_tw_video/1716745125672480768/pu/vid/avc1/1280x720/xxsQfUIksRpZdYjs.mp4?tag=12,1597606157975273472,LearnlyAfrica,,1716784495037178358,2023-10-24T11:51:34,6,,,1716784495037178358,,,,,,,,post,1,,,1,2,,"This Data Analytics Masterclass is for you!

Meet Billy Ouko, who recently completed the 6-week Data Analytics Masterclass. He can now craft a narrative from the data, purposefully analyzing it with a specific goal in mind. https://t.co/Mod578JGHv",en,,,1698148294,497,data analytics,unknown,unknown
,https://pbs.twimg.com/media/F9N5ZZ1WIAAKgE2.jpg--|--https://pbs.twimg.com/media/F9N5ZZwXMAACzsT.jpg,,1182082993067892736,thisisgnc,,1716849407331623206,2023-10-24T16:09:30,34,,,1716849407331623206,,,,,,,,post,1,,,2,13,,"Omari and Aikins (both Siwdu McCarthy Hse) surprising met at HackHarvard last weekend.

Emmanuel Omari is now at the Queen‚Äôs University of Charlotte, and 
Aikins Acheampong also attends Colby College; majoring in  Data Analytics  & Computer Science respectively
#GNCAlumni N‚Äô21 https://t.co/VX4q5uRcaK",en,,gncalumni,1698163770,1722,data analytics,unknown,unknown
,https://pbs.twimg.com/media/F9N8jSyXsAEeOO4.jpg,,1162487769719070720,wissen_tech,,1716852830907117611,2023-10-24T16:23:07,14,,,1716852830907117611,,,,,,,,post,0,,,0,7,,"#Infographic: Use the following 5 steps to learn what data analytics is, what it may be, and how it works! Via @CatherineAdenle 

#datascience #machinelearning #python #artificialintelligence #ai #data #dataanalytics 

CC: @ingliguori @Ronald_vanLoon @evankirstel @HeinzVHoenen https://t.co/YZixWewCky",en,CatherineAdenle--|--EvanKirstel--|--HeinzVHoenen--|--Ronald_vanLoon--|--ingliguori,ai--|--artificialintelligence--|--data--|--dataanalytics--|--datascience--|--infographic--|--machinelearning--|--python,1698164587,460,data analytics,unknown,unknown
,https://pbs.twimg.com/media/F9ORoqHbMAEgoI6.jpg,,1596076954939269122,custommade_ng,,1716876019318338023,2023-10-24T17:55:15,139,,,1716876019318338023,,,,,,,,post,0,,,49,58,,"For years, in-depth market analysis has been the domain of the privileged few, those with hours to spend on research and a deep understanding of crypto and data analytics.

As the Defi ecosystem evolves, old and new users are searching for ways to manage their capital/Asset‚Ä¶ https://t.co/JBsdNDJDGO",en,,,1698170115,7386,data analytics,unknown,unknown
,,,25913049,ArmandDoma,,1716882359575019865,2023-10-24T18:20:27,2023,37.7581402,-122.45176799999999,1716882359575019865,,,,US,United States,"San Francisco, CA",city,quote,2,1715779383028523018,filmupdates,11,92,,Yet another tragic loss for the data analytics field to the siren song of Hollywood. Too many of my colleagues have hung up the SQL query for the razzle dazzle of show business. Alas! üò¢,en,,,1698171627,160072,data analytics,unknown,unknown
,https://video.twimg.com/ext_tw_video/1716962784540278784/pu/vid/avc1/720x720/46tapIZ5Ucdpq0cF.mp4?tag=12,https://video.twimg.com/ext_tw_video/1716962784540278784/pu/vid/avc1/720x720/46tapIZ5Ucdpq0cF.mp4?tag=12,1350116169127129089,asia_acorn,,1716962888949072361,2023-10-24T23:40:27,1,,,1716962888949072361,,,,,,,,post,0,,,0,0,,"Exciting times ahead for the entrepreneurship consulting industry! üöÄ 

The next decade will witness a game-changing transformation, fueled by the integration of advanced technologies like AI and data analytics. üß†üí° 

#EntrepreneurshipConsulting #AI #DataAnalytics #FutureTrends https://t.co/HVL6exTwic",en,,ai--|--dataanalytics--|--entrepreneurshipconsulting--|--futuretrends,1698190827,76,data analytics,unknown,unknown
,https://pbs.twimg.com/media/F9Pn1voXEAAO5rN.jpg,,1023662213083660290,likedbyJ,,1716970811892892127,2023-10-25T00:11:55,159,,,1716970811892892127,,,,,,,,post,0,,,6,14,,"Been working on improving my Tableau skills. E get why.

Scatter plots, creating parameters for dynamic changes and Calculated fields(IF-Else statements)

#DataAnalytics #tableau #datavisualization https://t.co/Thh8tpqzrq",en,,dataanalytics--|--datavisualization--|--tableau,1698192715,13735,data analytics,unknown,unknown
https://bit.ly/47mikcX,https://video.twimg.com/ext_tw_video/1717031238912114688/pu/vid/avc1/1280x720/NwlBDymrbrJaugbW.mp4?tag=12,https://video.twimg.com/ext_tw_video/1717031238912114688/pu/vid/avc1/1280x720/NwlBDymrbrJaugbW.mp4?tag=12,1395568905230249984,ABR_Awards,,1717032472029098102,2023-10-25T04:16:56,0,,,1717032472029098102,,,,,,,,post,0,,,0,0,,"Michel Hamilton, CEO of @GTechAsia underscores the importance of advanced technologies like microservices, open APIs, and data analytics, to create scalable solutions that engage customers and enhance the shopping experience. 

Know more: https://t.co/nMxiTw0YYm‚Ä¶ https://t.co/yvRUT3H167",en,GTechAsia,,1698207416,25,data analytics,unknown,unknown
http://cognitiveclass.ai/courses/r-101--|--http://cs50.harvard.edu/python/2022/--|--http://learn.microsoft.com/en-gb/training/paths/modern-analytics/--|--http://learn.microsoft.com/en-us/users/collinschedler-0717/collections/m14nt4rdwnwp04--|--http://online.stanford.edu/courses/soe-ydatabases0005-databases-relational-databases-and-sql--|--http://tableau.com/learn/training,https://pbs.twimg.com/media/F9Q1fT-boAAyrwH.jpg,,1430015840,Kanojiyaaakash1,,1717056187374739550,2023-10-25T05:51:11,1948,,,1717056187374739550,,,,,,,,post,8,,,31,659,,"Free Certification courses for becoming a Data Scientist:

üî∏Python
https://t.co/kB4bwbd3ML

üî∏SQL
https://t.co/qWP0nv8cZi

üî∏Excel, PowerBI
https://t.co/ygsIqUobaF

üî∏R
https://t.co/FD4qd9kd3G

üî∏Tableau
https://t.co/lFe8cmGvbT

üî∏PowerBI (Data Analytics)
https://t.co/9mX743m0z2‚Ä¶ https://t.co/fajaYjPLdZ",en,,,1698213071,164546,data analytics,unknown,unknown
,https://pbs.twimg.com/media/F9RaR2bW8AA3vZk.jpg,,1358209833380552712,INIUBONGROBERT1,,1717096623342227784,2023-10-25T08:31:51,19,5.011327959999999,7.91864668,1717096623342227784,,,,NG,Nigeria,"Uyo, Nigeria",city,post,0,,,1,2,,"üöÄ Unleash the power of data with bitsCrunch! üåêü§ñ Dive into AI-driven NFT insights, discover trends, and elevate your NFT journey. Join the revolution today! üìàüíé #NFTs #Crypto #AI #DataAnalytics #Blockchain #bitsCrunch üöÄüîó https://t.co/sOvCcAdYfR",en,,ai--|--bitscrunch--|--blockchain--|--crypto--|--dataanalytics--|--nfts,1698222711,131,data analytics,unknown,unknown
,https://video.twimg.com/amplify_video/1717112903289946112/vid/avc1/720x1280/Dya5Ux1BFpNzbDbv.mp4?tag=14,https://video.twimg.com/amplify_video/1717112903289946112/vid/avc1/720x1280/Dya5Ux1BFpNzbDbv.mp4?tag=14,781513213955436544,SheCodeAfrica,,1717117073292177543,2023-10-25T09:53:07,164,,,1717117073292177543,,,,,,,,post,0,,,5,69,,"If you‚Äôre looking to break into fields like Cybersecurity, Data Analytics, Digital Marketing and e-commerce, IT Support, Project Management, or UX Design, this video is a must-watch!

With little or no prior experience or degree is needed, you stand a chance to gain the job ready‚Ä¶ https://t.co/bZrXt37AQB",en,,,1698227587,18157,data analytics,unknown,unknown
,https://pbs.twimg.com/media/F9SPVIpWEAAXDX5.jpg,,1578795923873976321,ZabihullahAtal,,1717162258243924055,2023-10-25T12:52:40,461,,,1717162258243924055,,,,,,,,post,2,,,1,189,,"Cisco Offering Complete 30 Hours Data Analytics Course FREE of cost! 

No Payment is required! 

Organizations all over the world recognize the value of analytics and require data Analysis. 

Learn the essential tools of the trade.

Explore the following Ten Modules in this‚Ä¶ https://t.co/4ocRczUi58",en,,,1698238360,31301,data analytics,unknown,unknown
https://shorturl.at/CFHU2,https://pbs.twimg.com/media/F9SYZXfWcAAtXjD.jpg,,758645578972614656,valuatesreports,,1717165087092609407,2023-10-25T13:03:54,1,,,1717165087092609407,,,,,,,,post,0,,,0,0,,"The US led the way in the use of big data analytics and was a major force in the electronics and semiconductor industries.

Read More: https://t.co/TJKrrgxpFe

#BigData #AI #MachineLearning #DataLiteracy #AnalyticThinking #BusinessAnalytics #DataAnalytics #DataScientists‚Ä¶ https://t.co/LxowO2sNWM",en,,ai--|--analyticthinking--|--bigdata--|--businessanalytics--|--dataanalytics--|--dataliteracy--|--datascientists--|--machinelearning,1698239034,40,data analytics,unknown,unknown
https://eightify.app/sk2--|--https://powerbi.microsoft.com/--|--https://rapidminer.com/--|--https://www.knime.com/--|--https://www.tableau.com/,,,69941978,swapnakpanda,,1717172720402874520,2023-10-25T13:34:14,423,,,1717172720402874520,,,,,,,,post,3,,,10,144,,"Best AI Tools in Data Science:

‚ùØ AI YouTube Summaries
https://t.co/Pqv8irMBIG

‚ùØ Data Analytics
https://t.co/EHKUnMTjCU

‚ùØ Data Visualization
https://t.co/WTjY2729Ul

‚ùØ Business Intelligence
https://t.co/IdFzdjFoIJ

‚ùØ Analytics, Deploy, Scale
https://t.co/0yfDCiX4r8

‚ùØ‚Ä¶",en,,,1698240854,78028,data analytics,unknown,unknown
,https://pbs.twimg.com/media/F9Sz86TWYAAZtHi.jpg,,1193538392748937216,HarunMbaabu,,1717195245887041840,2023-10-25T15:03:45,245,,,1717195245887041840,,,,,,,,post,1,,,9,60,,"Junior Data Analytics and Scientist Beginner Projectüìà

Analyze stock prices for the big 5 companies in Kenya, create an interactive dashboard to show how the prices have changed over the last 3 years, and build predictive models to predict future prices.

In your project, try to‚Ä¶ https://t.co/ChZXfJSjlp",en,,,1698246225,18537,data analytics,unknown,unknown
,https://pbs.twimg.com/media/F9TWQaUb0AEcioK.jpg,,1016037844081496064,TraderMagus,,1717241497316397344,2023-10-25T18:07:32,170,,,1717241497316397344,,,,,,,,post,1,,,18,25,,"Thread of my favorite trading tools that I use regularly

-Orderflow
-Data Analytics 
-Execution https://t.co/tZ9RiRVQT2",en,,,1698257252,29058,data analytics,unknown,unknown
https://html5up.net,,,719053889279037440,njokunnenna_,,1717275582394761628,2023-10-25T20:22:58,3,,,1717275582394761628,,,,,,,,post,0,,,0,0,,"Hi 
As a data analyst you can choose from these templates to design your website/portfolio 

#DataAnalytics 

https://t.co/c72N3Xvp8e",en,,dataanalytics,1698265378,80,data analytics,unknown,unknown
,https://video.twimg.com/ext_tw_video/1717300184068075521/pu/vid/avc1/1280x718/Zut5P6EvSCnjjR-x.mp4?tag=12,https://video.twimg.com/ext_tw_video/1717300184068075521/pu/vid/avc1/1280x718/Zut5P6EvSCnjjR-x.mp4?tag=12,1354776727956955141,chyonu1,,1717300222722793665,2023-10-25T22:00:53,22,,,1717300222722793665,,,,,,,,post,0,,,2,4,,"Hii #datafam, on today's episode of building projects... Yeahhhh, I'm this extraaa, pls watch the video, tenkssüôè

You can switch the Dashboard to either Dark or Light Modeüí°
#dataviz #DataAnalytics #PowerBI   #dashboard @datagenzafrica @DataChallengeSp @WomenInDataAfri https://t.co/hHJTTf4WQz",en,DataChallengeSp--|--WomenInDataAfri--|--datagenzafrica,dashboard--|--dataanalytics--|--datafam--|--dataviz--|--powerbi,1698271253,726,data analytics,unknown,unknown
https://youtube.com/@DatamineAnalytics?si=int5pCYLgeCP-Z--,https://video.twimg.com/ext_tw_video/1717428190426075136/pu/vid/avc1/720x720/EWVkBquq9UkdzB6S.mp4?tag=12,https://video.twimg.com/ext_tw_video/1717428190426075136/pu/vid/avc1/720x720/EWVkBquq9UkdzB6S.mp4?tag=12,1689690423923511296,datamineanalyts,,1717428242531983723,2023-10-26T06:29:35,1,,,1717428242531983723,,,,,,,,post,0,,,0,0,,"Do you wish to become a Data Analyst?

Your dream is about to take flight as you too can share your success story in a couple weeks.

Join our 40 days virtual course, Data Analytics using Excel on YouTube at no cost.

Subscribe now to our YouTube channel

https://t.co/O4OxbuKfqN https://t.co/Pgj03ajPPj",en,,,1698301775,73,data analytics,unknown,unknown
,,,1202923558739095552,OlamideTowobola,,1717456374676750442,2023-10-26T08:21:23,840,,,1717456374676750442,,,,,,,,post,24,,,842,638,,"If you are an African female and you are interested in a 5-month FREE virtual bootcamp to learn these skills: 

Cybersecurity
Data Analytics
Digital Marketing & E-commerce
IT Support
Project Management 
UX Design

Reply with the skills you‚Äôre interested in.

RT and check back.",en,,,1698308483,128503,data analytics,unknown,unknown
https://isbm.org.in/diploma-in-big-data-analytics.php,https://pbs.twimg.com/media/F9WjxEJbEAAwYyx.jpg,,874862267694813184,istmeducation,,1717458969109909586,2023-10-26T08:31:41,3,,,1717458969109909586,,,,,,,,post,1,,,1,0,,"üìä Elevate Your Career with Big Data Analytics! üöÄ 

Apply Now:- https://t.co/HXOM3aXtjK

Join ISTM for a Diploma in Big Data Analytics and Dive into the World of Insights and Innovation. 

Your Data-Driven Future Begins Here. üåü 

#BigDataAnalytics #DataAnalytics #UnlockInsights https://t.co/N4HorIk4Re",en,,bigdataanalytics--|--dataanalytics--|--unlockinsights,1698309101,43,data analytics,unknown,unknown
,,,821075122501128192,joebasshd,,1717494061039247402,2023-10-26T10:51:08,245,,,1717494061039247402,,,,,,,,post,4,,,175,40,,"If you're just starting out in Data Analytics and you need an accountability partner, reply in the comments",en,,,1698317468,41220,data analytics,unknown,unknown
http://daiadvisory.org/apply-now,,,1535937703036219392,DaiResearch,,1717516131744059680,2023-10-26T12:18:50,9,,,1717516131744059680,,,,,,,,post,0,,,0,4,,"üì¢ #Jobs_At_DAI

DAI is #Hiring! We are looking for a #ResearchAssociate to work on a #MentalHealth project in #Karnataka. This position requires full working proficiency in English-Kannada.

Apply at https://t.co/ABoYKbansG üì¨

#DataAnalytics #Research",en,,dataanalytics--|--hiring--|--jobs_at_dai--|--karnataka--|--mentalhealth--|--research--|--researchassociate,1698322730,568,data analytics,unknown,unknown
https://solutionsreview.com/business-intelligence/understanding-the-role-of-data-analytics-in-distribution/?es_id=d2e28a35db,,,959273870023905280,boxplothq,,1717584646873973209,2023-10-26T16:51:05,0,,,1717584646873973209,,,,,,,,post,0,,,0,0,,"If you work in the distribution field, this article has some great ideas for how your organization can leverage #data #analytics. @SolutionsReview @QuinnWquinn https://t.co/fkeg2qcX1x",en,QuinnWquinn--|--SolutionsReview,analytics--|--data,1698339065,11,data analytics,unknown,unknown
,https://pbs.twimg.com/media/F9YpYXhWgAAYFGv.jpg,,1183724971161460737,AlaguvaE,,1717607319029125602,2023-10-26T18:21:11,220,,,1717607319029125602,,,,,,,,post,1,,,33,37,,"Hi, #datafam 
I created a conflict visualization using Power BI and cleaned the data with Python. This is my first visualization done without guidance. I am open to correction and observation.
#powebi #DataAnalytics #python
@rita_tyna, @PromiseNonso_ https://t.co/xz2YE0bcTK",en,PromiseNonso_--|--Rita_tyna,dataanalytics--|--datafam--|--powebi--|--python,1698344471,17971,data analytics,unknown,unknown
https://youtu.be/GtPuDPTD_UY,,,1026075110569070593,JoachimSchork,,1717685099150422522,2023-10-26T23:30:15,32,,,1717685099150422522,,,,,,,,post,0,,,0,7,,"How to add a regression line to a ggplot2 plot in the R programming language: https://t.co/URMvDGLLhq

#DataViz #RStats #DataAnalytics #ggplot2",en,,dataanalytics--|--dataviz--|--ggplot2--|--rstats,1698363015,2096,data analytics,unknown,unknown
,https://pbs.twimg.com/media/F9Z-tjfbUAANzpc.jpg--|--https://pbs.twimg.com/media/F9Z-tjibAAA31xA.jpg,,1235150747353804800,DucThu82,,1717699642023117268,2023-10-27T00:28:02,62,,,1717699642023117268,,,,,,,,post,0,,,3,8,,"Good News üóûÔ∏è :
Explore Amazon Cloud Pi/Crawler/Data Analytics
Has been added to the main Pi-app.
So it has officially connected to Amazon data.
@PiCoreTeam #PiNetwork https://t.co/rhLLrjbkK5",en,PiCoreTeam,pinetwork,1698366482,2735,data analytics,unknown,unknown
,https://video.twimg.com/ext_tw_video/1717702241245642752/pu/vid/avc1/720x1280/5kB8I0FanG2P0QT-.mp4?tag=12,https://video.twimg.com/ext_tw_video/1717702241245642752/pu/vid/avc1/720x1280/5kB8I0FanG2P0QT-.mp4?tag=12,1698020795383971840,conticreators,,1717702276846915744,2023-10-27T00:38:30,2,,,1717702276846915744,,,,,,,,post,0,,,0,0,,"Experienced Social Media Manager skilled in driving online engagement and brand success. Proven track record in content creation, community management, data analytics, and building brand loyalty. Buttttt they are not unicorns!

Credits ig: courtney.lafosse ‚ú® https://t.co/hQNMKKQp7v",en,,,1698367110,128,data analytics,unknown,unknown
,https://pbs.twimg.com/media/F9aGuFKWIAAcQg2.jpg,,314647123,Adioolumuyiwa,,1717708436580729296,2023-10-27T01:02:59,31,,,1717708436580729296,,,,,,,,post,0,,,4,5,,"I'm glad to announce that I completed the Data Analytics Essentials course offered by Cisco. I'm proud of my newly acquired skills and certification.
Thank you for helping me to discover this course and the motivation @omoalhajaabiola üôè https://t.co/QIjxHUeYfp",en,omoalhajaabiola,,1698368579,1470,data analytics,unknown,unknown
,https://pbs.twimg.com/media/F9aHz9yX0AAQjuK.jpg--|--https://pbs.twimg.com/media/F9aHzMRXcAANG1Z.jpg,,3926417657,okere_eberechi,,1717709642397089950,2023-10-27T01:07:46,95,,,1717709642397089950,,,,,,,,post,0,,,1,17,,"Good News üóûÔ∏è :
Explore Amazon Cloud Pi/Crawler/Data Analytics
Has been added to the main Pi-app.
So it has officially connected to Amazon data.
@PiCoreTeam #PiNetwork https://t.co/p9i7UcjU5J",en,PiCoreTeam,pinetwork,1698368866,3072,data analytics,unknown,unknown
https://pyoflife.com/introduction-to-scientific-programming-and-simulation-using-r-pdf/,https://pbs.twimg.com/media/F9ari-AbIAAuKEb.jpg,,450304785,Parajulisaroj16,,1717748931524997295,2023-10-27T03:43:54,242,,,1717748931524997295,,,,,,,,post,2,,,0,61,,"R provides a wide range of statistical and¬†graphical techniques, including linear and nonlinear modeling, classical statistical tests, time-series analysis and graphical data representations. https://t.co/z87hEMJzOx
#DataScience #rstats #dataviz #coding #DataAnalytics https://t.co/9KT9lWgmDA",en,,coding--|--dataanalytics--|--datascience--|--dataviz--|--rstats,1698378234,19368,data analytics,unknown,unknown
https://www.simplilearn.com/getting-started-data-science-with-python-skillup,https://pbs.twimg.com/media/F9azyBeagAAZk7I.jpg,,3016357837,JvShah124,,1717757982833037544,2023-10-27T04:19:52,5,,,1717757982833037544,,,,,,,,post,2,,,1,2,,"Start Learning For FREE

Applied Data Science with Python
Getting Started with Data Science with Python

‚ú¥Ô∏è 339994 Learners Enrolled ‚ú¥Ô∏èAdvanced Level

https://t.co/wpWUMooKJh

This Data Science with Python program provides learners with a complete understanding of data analytics‚Ä¶ https://t.co/NST7sVoXA0",en,,,1698380392,5844,data analytics,unknown,unknown
,https://video.twimg.com/ext_tw_video/1717784188177268736/pu/vid/avc1/466x574/9s1_GH1gVxMewV5R.mp4?tag=12,https://video.twimg.com/ext_tw_video/1717784188177268736/pu/vid/avc1/466x574/9s1_GH1gVxMewV5R.mp4?tag=12,800686479986954244,Crisp_EXCEL,,1717784517232951669,2023-10-27T06:05:18,68,,,1717784517232951669,,,,,,,,post,0,,,0,13,,"Do you need help to highlight multiple of a number?ü§î

Let the MOD function assistüëá

#ExcelTips #Microsoft365 #cheatsheet #DataAnalytics https://t.co/e8EnfN2iZg",en,,cheatsheet--|--dataanalytics--|--exceltips--|--microsoft365,1698386718,10519,data analytics,unknown,unknown
,https://pbs.twimg.com/media/F9bk67cXQAAelOv.jpg,,1438148586055798796,PiBelimed,,1717812014897090766,2023-10-27T07:54:34,275,,,1717812014897090766,,,,,,,,post,0,,,11,66,,news: Explore Amazon Cloud Pi/Crawler/Data Analytics Has been added to the main Pi-app. So you have officially connected to Amazon data #PiNetwork #Amazon #Github https://t.co/HZQevQMbsj,en,,amazon--|--github--|--pinetwork,1698393274,11977,data analytics,unknown,unknown
,https://pbs.twimg.com/media/F9bvOlyXcAARZw9.jpg,,1493719904444469255,Francesca_UXer,,1717823908974412114,2023-10-27T08:41:50,20,,,1717823908974412114,,,,,,,,post,0,,,1,9,,"Unraveling the Secrets of #DataScience...

Ever wondered about the composition of the captivating world of data science? @DataScienceDojo  shows us that:

#Statistics is a branch of #Mathematics.

By combining Mathematics with tools like #Python, we achieve #DataAnalytics. ‚¨áÔ∏è https://t.co/rgPab1zetX",en,DataScienceDojo,dataanalytics--|--datascience--|--mathematics--|--python--|--statistics,1698396110,3544,data analytics,unknown,unknown
,,,854530347614089216,meetp90,,1717859329876062696,2023-10-27T11:02:35,4,,,1717859329876062696,,,,,,,,post,0,,,3,0,,"Hope you are doing well,

We are delighted to offer you an internship opportunity at¬†Earnest Data Analytics Pvt. Ltd.

Welcome aboard!

We wish you a successful journey with us.

lets gooooo
thanks again @codingmickey",en,codingmickey,,1698404555,102,data analytics,unknown,unknown
,https://pbs.twimg.com/media/F9cacEIWYAAEajd.jpg,,781513213955436544,SheCodeAfrica,,1717870861967831211,2023-10-27T11:48:24,301,,,1717870861967831211,,,,,,,,post,5,,,21,146,,"Hey Queens, here‚Äôs a Final Reminder!! ‚è∞‚è∞

The She Code Africa x @GwGAfrica 
scholarship application closes tomorrow, so don't miss out! üòâ

This is your chance to get a 100% scholarship to a 20-week program in Cybersecurity, Data Analytics, Digital Marketing & E-commerce, IT‚Ä¶ https://t.co/orTY9NNhDZ",en,GwGAfrica,,1698407304,33371,data analytics,unknown,unknown
,,,1138422453942677504,Yashsha26424549,,1717894837285068853,2023-10-27T13:23:40,3,,,1717894837285068853,,,,,,,,post,0,,,0,2,,"Day 17

#75days
#DataAnalytics 

1. exploring dbt 
what dbt is 
how it is used 
what is functionality ... 

üòç",en,,75days--|--dataanalytics,1698413020,55,data analytics,unknown,unknown
,https://pbs.twimg.com/media/F9cnNY4WwAAEa0U.png--|--https://pbs.twimg.com/media/F9cnbIuXIAAGEON.png--|--https://pbs.twimg.com/media/F9cnbIvXMAADiaP.jpg--|--https://pbs.twimg.com/media/F9cnbIwWgAAifx0.png,,1316130495806287873,DavidOhio11,,1717894857383887038,2023-10-27T13:23:45,8,,,1717894857383887038,,,,,,,,post,0,,,3,5,,"Hello twitter, I recently got certified as a google trained advanced data analytics professional and I am presently in search of  remote intern job role as a data analyst or data scientist. 

Please, kindly recommend any vacancy for any of the listed positions above. https://t.co/cRbzhFa1n7",en,,,1698413025,1156,data analytics,unknown,unknown
,https://pbs.twimg.com/media/F9RlaBKawAAJYwA.jpg,,835102956,dharmisthabaid,,1717915303840239996,2023-10-27T14:45:00,24,,,1717915303840239996,,,,,,,,post,0,,,0,6,,"SQL Query Execution Order

Credit: @DataScienceDojo

#NaturalLanguageProcessing #data #DataScience #BigData #datascientist #dataanalytics #machinelearning #datamanagement #datamining #dataengineer #deeplearning #artificialintelligence #AI #sql https://t.co/2RLzNa4rwR",en,DataScienceDojo,ai--|--artificialintelligence--|--bigdata--|--data--|--dataanalytics--|--dataengineer--|--datamanagement--|--datamining--|--datascience--|--datascientist--|--deeplearning--|--machinelearning--|--naturallanguageprocessing--|--sql,1698417900,4390,data analytics,unknown,unknown
,https://pbs.twimg.com/media/F9dKyOZXgAAiW_z.jpg--|--https://pbs.twimg.com/media/F9dKyPuWMAEE4cS.jpg,,427540305,Kev_Falk,,1717924096145510785,2023-10-27T15:19:56,17,,,1717924096145510785,,,,,,,,post,1,,,1,2,,"Thrilled to inspire students from Australia, Canada, and the UK at the @N4LCanada Student Summit! üåç My keynote focused on using genomics, big data, analytics, high-throughput phenotyping, and AI to adapt crops to climate change. üå±‚ú® https://t.co/x7WlQ2VR8i",en,N4LCanada,,1698419996,917,data analytics,unknown,unknown
,https://pbs.twimg.com/media/F9dWvUlXoAI42xr.jpg--|--https://pbs.twimg.com/media/F9dWwzuXoAAELwK.jpg,,1441028358394023936,thatsweetfriend,,1717938385224958357,2023-10-27T16:16:43,60,,,1717938385224958357,,,,,,,,post,0,,,7,8,,"Thankyou @TataCompanies  for this virtual internship opportunity...It's been an amazing ride, and I can't wait to use these skills to make data make sense for everyone....ü•∞‚ô•Ô∏èü•Ç 
#DataAnalytics #Tableau https://t.co/4EOatB1IzE",en,TataCompanies,dataanalytics--|--tableau,1698423403,4158,data analytics,unknown,unknown
https://pyoflife.com/data-science-essential-in-python-pdf/,https://pbs.twimg.com/media/F9dknZYbkAEtkXt.jpg,,450304785,Parajulisaroj16,,1717952413557297474,2023-10-27T17:12:28,300,,,1717952413557297474,,,,,,,,post,2,,,2,70,,"Python is one of the most popular programming languages used for data science due to its powerful libraries and frameworks. https://t.co/R8gU2W0ULW
#DataScience #python #DataAnalytics #statistics #coding #DataScientists #DataVisualization https://t.co/m2SckMj7MC",en,,coding--|--dataanalytics--|--datascience--|--datascientists--|--datavisualization--|--python--|--statistics,1698426748,31140,data analytics,unknown,unknown
,https://pbs.twimg.com/media/F9eIihDXcAA_yGJ.jpg,,210040639,sundaypeter8110,,1717991920301912482,2023-10-27T19:49:27,69,,,1717991920301912482,,,,,,,,post,1,,,1,15,,news: Explore Amazon Cloud Pi/Crawler/Data Analytics Has been added to the main Pi-app. So you have officially connected to Amazon data.....ü§∑üèø‚Äç‚ôÇÔ∏èü§∑üèø‚Äç‚ôÇÔ∏èü§∑üèø‚Äç‚ôÇÔ∏èü§∑üèø‚Äç‚ôÇÔ∏èü§∑üèø‚Äç‚ôÇÔ∏èü§∑üèø‚Äç‚ôÇÔ∏èü§∑üèø‚Äç‚ôÇÔ∏èüí•üí•üí•üí•üí•üí•üí•üí•üî•üî•üî•üî•üî•üî• https://t.co/gRrb1UiqyE,en,,,1698436167,1588,data analytics,unknown,unknown
,https://pbs.twimg.com/media/F9e0C2qXcAA0xCQ.jpg,,1310340806138572800,Cholericity,,1718041922877444325,2023-10-27T23:08:08,20,,,1718041922877444325,,,,,,,,post,0,,,1,5,,"Here is my first Viz from Google Looker studio. I will appreciate you sincere review.
@Google @Adewaleanalyst @jessica_xls @joebasshd @starboy_abefe @YemorWale @Dharpojoy
 #DataAnalytics #dataviz https://t.co/EAyVVTxN9y",en,Adewaleanalyst--|--DharpoJoy--|--Google--|--YemorWale--|--jessica_xls--|--joebasshd--|--starboy_abefe,dataanalytics--|--dataviz,1698448088,654,data analytics,unknown,unknown
,https://video.twimg.com/ext_tw_video/1718132445076205568/pu/vid/avc1/576x1024/E1jfyPHO0SR4ECd0.mp4?tag=12,https://video.twimg.com/ext_tw_video/1718132445076205568/pu/vid/avc1/576x1024/E1jfyPHO0SR4ECd0.mp4?tag=12,1619855657628221440,Ivanreycadena,,1718132488990527788,2023-10-28T05:08:01,9,,,1718132488990527788,,,,,,,,post,0,,,0,1,,"This quick video reveals the top 3 analytical skills you need to become a data pro.

#Dataanalyst #Dataanalytics https://t.co/FFdMp7swKa",en,,dataanalyst--|--dataanalytics,1698469681,329,data analytics,unknown,unknown
https://bit.ly/48S6WXA,,,14462907,Infosys,,1718138023949250927,2023-10-28T05:30:01,14,,,1718138023949250927,,,,,,,,post,0,,,8,3,,"Infosys and @googlecloud unite to empower enterprises with #generativeAI, paving the way for next-gen solutions in data, analytics and more. Learn more in @TechnologyMagBC here. https://t.co/ZkHiDI8Ol8",en,TechnologyMagBC--|--googlecloud,generativeai,1698471001,4365,data analytics,unknown,unknown
https://github.com/Baldiechic/BUSINESS-ANALYSIS-FOR-A-SUPERSTORE-IN-THE-UNITED-STATES,https://pbs.twimg.com/media/F9hEcLUXsAAwPXT.jpg,,2181271847,baldiechic,,1718198931912310828,2023-10-28T09:32:02,4,,,1718198931912310828,,,,,,,,post,0,,,0,2,,"So thrilled! My first time publishing a Data Analytics project on Github!  I embarked on Business Analytics for a US Superstore. I had no idea Excel could do so much.  Let me know what you think guys ü§óü§ó

https://t.co/wtEHFvBdC2 https://t.co/PcIgyzGo44",en,,,1698485522,53,data analytics,unknown,unknown
,https://video.twimg.com/ext_tw_video/1718219282902102016/pu/vid/avc1/720x1280/bo1tL1hwu8ooBedb.mp4?tag=12,https://video.twimg.com/ext_tw_video/1718219282902102016/pu/vid/avc1/720x1280/bo1tL1hwu8ooBedb.mp4?tag=12,1627561371356524545,SenfineAcademy,,1718219813343162815,2023-10-28T10:55:01,0,,,1718219813343162815,,,,,,,,post,0,,,1,0,,"Curious to unravel the mysteries behind data-driven decisions? Dive into our collection of intriguing facts about data analytics that will leave you amazed and inspired. Get ready to be captivated and enlightened!

Join and master data analytics now! https://t.co/vBpkqcTMCC",en,,,1698490501,8,data analytics,unknown,unknown
http://3.Google--|--https://lnkd.in/dRSexTjP--|--https://lnkd.in/dRdzr-_3--|--https://lnkd.in/dqUxj-hy,https://pbs.twimg.com/media/F9hhlEVXYAAnkgE.jpg,,1528387509910405120,Bharambe2Kiran,,1718230555433554189,2023-10-28T11:37:42,39,,,1718230555433554189,,,,,,,,post,1,,,11,4,,"25 ùêéùêßùê•ùê¢ùêßùêû ùêÇùê®ùêÆùê´ùê¨ùêûùê¨ ùê∞ùê¢ùê≠ùê° ùêÇùêûùê´ùê≠ùê¢ùêüùê¢ùêúùêöùê≠ùêûùê¨ ùêüùê´ùê®ùê¶ ùêÜùê®ùê®ùê†ùê•ùêû, ùêàùêÅùêå ùêöùêßùêù ùêåùêûùê≠ùêö!

1. Google Data Analytics
https://t.co/ZKF2Ejcsd1

2. Google Project Management
https://t.co/SZaDbUfVqd

https://t.co/rcAz7ZPcUP IT Support
https://t.co/KmQaW7NriA

üëá https://t.co/vTFgxI4aHo",en,,,1698493062,9966,data analytics,unknown,unknown
https://bit.ly/3OTxAWQ,,,1679953790072438786,funwithdata_ca,,1718257054232547503,2023-10-28T13:23:00,3,,,1718257054232547503,,,,,,,,post,0,,,0,1,,"We're huge fans of #opendata. If you're looking for datasets for your next project, check out our list of open data sources. 

#data #DataAnalytics 

https://t.co/NUybDWOlQs",en,,data--|--dataanalytics--|--opendata,1698499380,49,data analytics,unknown,unknown
http://B.Sc--|--https://sites.google.com/view/halimat-portfolio/,,,1252268339927359490,kemss__x,,1718264159358377988,2023-10-28T13:51:14,242,,,1718264159358377988,,,,,,,,post,1,,,5,303,,"Please, I am currently looking for NYSC PPA. 
Preferred Role: Data Analyst 
Location: Lagos/Oyo/Ogun State
Although I am https://t.co/TOJDxMJ0l1. Physiology Graduate, I have data analytics skills and this is my portfolio: https://t.co/GFNJpyzSxN
 Kindly retweet!!!",en,,,1698501074,18422,data analytics,unknown,unknown
,https://pbs.twimg.com/media/F9iCOcYXAAAzkno.jpg,,1031949518609121280,NEARProtocol,,1718266463427915906,2023-10-28T14:00:23,206,,,1718266463427915906,,,,,,,,post,3,,,8,35,,"Don't miss @subinium from @hashed_official as a speaker at NEARCON! 

As a Data Analyst with a keen eye on blockchain analytics, Subin will share invaluable insights on leveraging data in the blockchain space. 

Get ready for a deep dive into data analytics! https://t.co/DZarVhOZVy",en,hashed_official--|--subinium,,1698501623,64966,data analytics,unknown,unknown
,https://video.twimg.com/ext_tw_video/1717934228157906945/pu/vid/avc1/1136x640/iU16MyLnFL74us5G.mp4?tag=12,https://video.twimg.com/ext_tw_video/1717934228157906945/pu/vid/avc1/1136x640/iU16MyLnFL74us5G.mp4?tag=12,1155470031225884675,Analytics_699,,1718286872789598714,2023-10-28T15:21:29,20,,,1718286872789598714,,,,,,,,post,0,,,0,15,,"Cells in your body work 24/7 ‚ñ∂Ô∏è
#AI #HealthCare #digitalhealth #ML #IoT #IoMT #mHealth #HealthIT #DataAnalytics #dataviz #Coding #100DaysOfCode 
V/ @slava__bobrov
https://t.co/xEbXSR3ATS",en,slava__bobrov,100daysofcode--|--ai--|--coding--|--dataanalytics--|--dataviz--|--digitalhealth--|--healthcare--|--healthit--|--iomt--|--iot--|--mhealth--|--ml,1698506489,769,data analytics,unknown,unknown
,https://video.twimg.com/ext_tw_video/1718299843200782337/pu/vid/avc1/640x640/gN5k3a8VV6bBWJmL.mp4?tag=12,https://video.twimg.com/ext_tw_video/1718299843200782337/pu/vid/avc1/640x640/gN5k3a8VV6bBWJmL.mp4?tag=12,1098955584907431936,FlareNetworks,,1718299885672575147,2023-10-28T16:13:11,226,,,1718299885672575147,,,,,,,,post,2,,,9,70,,"Arkham integrated Flare, offering two ways for data analytics on #Flare:

1Ô∏è‚É£ Visualize network activity with their eye-opening UI.
2Ô∏è‚É£ Access raw data for custom dashboards and metrics.

Hear @ArkhamIntel CEO @RealMiguelMorel's insights in our recent call üëáüèª https://t.co/71BteAOFkM",en,ArkhamIntel--|--RealMiguelMorel,flare,1698509591,15234,data analytics,unknown,unknown
https://pyoflife.com/bayesian-modeling-and-computation-in-python-pdf/,https://pbs.twimg.com/media/F9ij2VebIAAwkn1.jpg,,450304785,Parajulisaroj16,,1718303414537555992,2023-10-28T16:27:13,185,,,1718303414537555992,,,,,,,,post,2,,,0,59,,"Python has become a popular language for implementing Bayesian modeling and computation due to its ease of use and the availability of many powerful libraries. https://t.co/Vy0mWvvwg7
#DataScience #python #programming #DataAnalytics #statistics #ArtificialInteligence #coding https://t.co/wPZo066DG6",en,,artificialinteligence--|--coding--|--dataanalytics--|--datascience--|--programming--|--python--|--statistics,1698510433,13140,data analytics,unknown,unknown
,https://pbs.twimg.com/media/F9jP9j3WAAAm_BL.jpg,,1709906423193243648,K1NGPAWS,,1718351920673218723,2023-10-28T19:39:57,6,,,1718351920673218723,,,,,,,,post,0,,,1,1,,"üìàStarsArena Portfolio Updateüìà

Since last update (nearly 10 days ago) we managed to strengthen our positions in 3 of our main long-term investments:

@LabNinety1 (announced soon to be implemented usecase for $fld - and is our long-term-hold for AI based data analytics through‚Ä¶ https://t.co/zevoRyFFta",en,LabNinety1,,1698521997,442,data analytics,unknown,unknown
https://pyoflife.com/modern-statistics-with-r/,https://pbs.twimg.com/media/F9kx8V4acAAX9KM.jpg,,450304785,Parajulisaroj16,,1718459648628641896,2023-10-29T02:48:02,732,,,1718459648628641896,,,,,,,,post,1,,,0,178,,"As the field of statistics continues to evolve, R will remain a prominent choice for data analysis and decision-making. Free E-Book: https://t.co/eB4iocjTu0
#DataScience #rstats #DataAnalytics #statistics #r #programming #dataengineering #DataScientists https://t.co/snWlPsiSfr",en,,dataanalytics--|--dataengineering--|--datascience--|--datascientists--|--programming--|--r--|--rstats--|--statistics,1698547682,56789,data analytics,unknown,unknown
,https://video.twimg.com/ext_tw_video/1718509865323151363/pu/vid/avc1/382x410/SokPleZq32Ocf5yW.mp4?tag=12,https://video.twimg.com/ext_tw_video/1718509865323151363/pu/vid/avc1/382x410/SokPleZq32Ocf5yW.mp4?tag=12,800686479986954244,Crisp_EXCEL,,1718510730717139117,2023-10-29T06:11:01,17,,,1718510730717139117,,,,,,,,post,0,,,0,3,,"When was the last time you used the TOCOL function to look up data? ü§î

#Excel #Microsoft365 #DataAnalytics https://t.co/EJziVIDE5Y",en,,dataanalytics--|--excel--|--microsoft365,1698559861,4185,data analytics,unknown,unknown
,https://pbs.twimg.com/media/F9lwEOsbkAAIxw6.jpg,,320105897,parmardarshil07,,1718527974193192995,2023-10-29T07:19:32,717,,,1718527974193192995,,,,,,,,post,1,,,6,155,,"FREE AZURE DATA ENGINEERING PROJECT (100K+ Views) ü§©

Olympic Data Analytics | End-To-End Azure Data Engineering Project üöÄ

Spend your weekend doing this amazing project that will help you to learn new skills.

One of the best learning projects you'll find online to learn Azure‚Ä¶ https://t.co/1bk7lIxn3O",en,,,1698563972,80317,data analytics,unknown,unknown
https://medium.com/microsoft-power-bi/optimizing-power-bi-data-models-63b441ebf71f?sk=6c4810dfd12e4cdc5c7e3db1fab775b6,https://pbs.twimg.com/media/F9mLGcqXsAAVEzQ.jpg,,730227001,tomas_kutac_en,,1718558562148897083,2023-10-29T09:21:05,107,,,1718558562148897083,,,,,,,,post,3,,,0,27,,"üìö PL-300 Power BI Data Analyst Exam Reference 5/12 - Optimize Power BI Data Model
üîó https://t.co/W3TqwhmGy8

#PowerBiMasterclass #PowerBI #DataAnalytics #DataScience #DataVisualization #dataviz #BusinessIntelligence https://t.co/UMeCswn9GW",en,,businessintelligence--|--dataanalytics--|--datascience--|--datavisualization--|--dataviz--|--powerbi--|--powerbimasterclass,1698571265,13157,data analytics,unknown,unknown
https://bit.ly/3MhweVq--|--https://bit.ly/3MmX66p--|--https://bit.ly/40n415p--|--https://excel-practice-online.com/,https://pbs.twimg.com/media/F9mSn0QXAAA_w_Y.png,,1611359035416002561,AbdelFat47,,1718569426407108916,2023-10-29T10:04:15,1,,,1718569426407108916,,,,,,,,post,0,,,1,1,,"Free Excel Resources to become a Data Analyst:

1. üìàExcel Data Analytics  Course: https://t.co/qGy5GwC7IA
2. üìàExcel Tutorials for Data Analysts:
https://t.co/5CtMRZXDfW
3. üìàPractise Excel: 
https://t.co/oEqiaPGCgG
4. üìàExcel Project Recommendation: https://t.co/ozMYaWd5wj https://t.co/5rWZumKPzc",en,,,1698573855,19,data analytics,unknown,unknown
https://bbc.in/3SjFXOT,https://video.twimg.com/amplify_video/1718576297176100864/vid/avc1/1280x720/HtgaMGDmn1zz8PV2.mp4?tag=16,https://video.twimg.com/amplify_video/1718576297176100864/vid/avc1/1280x720/HtgaMGDmn1zz8PV2.mp4?tag=16,621533,BBCPolitics,,1718579601616629917,2023-10-29T10:44:41,192,,,1718579601616629917,,,,,,,,post,45,,,251,69,,"""The way our product is set up, I don't have access to your data""

Palantir CEO Alex Karp says that his data analytics company ""wouldn't be able to"" sell NHS patient data on to third parties, and he believes people will opt in to data sharing

#BBCLauraK https://t.co/xG2X7gncFo https://t.co/Xdd85tR3iQ",en,,bbclaurak,1698576281,290375,data analytics,unknown,unknown
,,,1043766298302468096,KJustin17,,1718606119763873836,2023-10-29T12:30:03,2,,,1718606119763873836,,,,,,,,quote,0,1669587448169463808,MandlaJivindava,1,1,,Google data analytics üî•,en,,,1698582603,542,data analytics,unknown,unknown
,https://pbs.twimg.com/media/F9nApj7WIAAudg1.jpg,,1585322917893525506,California__Cri,,1718473018681553217,2023-10-29T13:11:32,116,,,1718616559604605141,1718473018681553217,14801058,InlandCaGuy,,,,,reply,1,,,6,41,,@InlandCaGuy young people https://t.co/G9SmPHtaGZ,en,InlandCaGuy,,1698585092,7139,data analytics,unknown,unknown
https://medium.com/microsoft-power-bi/how-to-sort-dates-in-power-bi-0926ba6bb5c6,,,730227001,tomas_kutac_en,,1718657717269680435,2023-10-29T15:55:05,41,,,1718657717269680435,,,,,,,,post,1,,,0,5,,"üí° Power BI Tips & Tricks - Sort dates based on other column
üîó https://t.co/HkSu0EZQYE

#PowerBiMasterclass #PowerBI #DataAnalytics #DataScience #DataVisualization #dataviz #BusinessIntelligence",en,,businessintelligence--|--dataanalytics--|--datascience--|--datavisualization--|--dataviz--|--powerbi--|--powerbimasterclass,1698594905,2292,data analytics,unknown,unknown
,https://pbs.twimg.com/media/F9oiko1XUAARNIH.jpg--|--https://pbs.twimg.com/media/F9oikovWsAAF9Kd.jpg--|--https://pbs.twimg.com/media/F9oikozW4AAoO8J.jpg,,89285879,danaerekat,,1718724228655047109,2023-10-29T20:19:23,17,,,1718724228655047109,,,,,,,,post,1,,,5,12,,"As someone who runs a data analytics company, I couldn‚Äôt but delve into the report published by the Palestinian MoH w/ names, ages, IDs, and gender of Palestinian killed by Israeli airstrike in Gaza between October 7-23, 2023, and ran the attached analysis.
1/3

#GazaGenocide https://t.co/1v85l1WKje",en,,gazagenocide,1698610763,2247,data analytics,unknown,unknown
,,,822222728,xoxo_ab_,,1718734642231054365,2023-10-29T21:00:45,26,,,1718734642231054365,,,,,,,,quote,0,1717663904296300967,symonebeez,1,5,,"Oh this interview was everything plus more! If Data Analytics and/or Data Science is something that you‚Äôre interested in, you should watch. @teneikaask_you dropped gems as well as reinforced a lot of things I‚Äôve been questioning internally lately.  

Thank you üíö",en,teneikaask_you,,1698613245,8156,data analytics,unknown,unknown
https://pyoflife.com/spatial-statistics-for-data-science-theory-and-practice-with-r/,https://pbs.twimg.com/media/F9qLVfebAAEpOoh.jpg,,450304785,Parajulisaroj16,,1718839411587314037,2023-10-30T03:57:04,236,,,1718839411587314037,,,,,,,,post,1,,,0,67,,"üìåüìòSpatial statistics is a dynamic field that empowers data scientists to unlock valuable insights from spatial data. üîóFree E-Book: https://t.co/qIc8WujfbD
#DataScience #rstats #DataAnalytics #statistics #r #programming #DataScientists https://t.co/drY9CyJIU6",en,,dataanalytics--|--datascience--|--datascientists--|--programming--|--r--|--rstats--|--statistics,1698638224,14843,data analytics,unknown,unknown
http://chromedm.com/cr--|--https://cr.chromeott.com/Contactus,https://pbs.twimg.com/media/F9q3hhMbQAA5_dU.jpg,,1679805402035425280,chromeDM_cr,,1718888455584072084,2023-10-30T07:11:57,15,,,1718888455584072084,,,,,,,,post,0,,,0,3,,"üìå Get in touch with us ‚Äì https://t.co/fMVrev3wai

üåê Visit our website ‚Äì https://t.co/dWxdeNaIE9 to learn more about our services

Or, üìß Mail us consumerresearch@chromedm.com
_
#chromeconsumerresearch , #consumerresearch , #chromedm , #Audit , #consumer , #DataAnalytics https://t.co/yjMGXLrh0H",en,,audit--|--chromeconsumerresearch--|--chromedm--|--consumer--|--consumerresearch--|--dataanalytics,1698649917,39,data analytics,unknown,unknown
https://medium.com/microsoft-power-bi/dax-power-bi-creating-a-calendar-with-additional-parameters-2feffe419c92,,,730227001,tomas_kutac_en,,1718929575877444018,2023-10-30T09:55:21,57,,,1718929575877444018,,,,,,,,post,1,,,3,7,,"üìñ Power BI Tutorial - Creating Calendar Table with Additional Information
üîó https://t.co/VeitOA8uq4

#PowerBiMasterclass #PowerBI #DataVisualization #dataviz #DataAnalytics #DataScience #BusinessIntelligence",en,,businessintelligence--|--dataanalytics--|--datascience--|--datavisualization--|--dataviz--|--powerbi--|--powerbimasterclass,1698659721,2040,data analytics,unknown,unknown
https://www.cajagroup.com/services/data-science/,https://video.twimg.com/ext_tw_video/1718945026959388672/pu/vid/avc1/720x720/7ZfyTlBKAFxFOTYl.mp4?tag=12,https://video.twimg.com/ext_tw_video/1718945026959388672/pu/vid/avc1/720x720/7ZfyTlBKAFxFOTYl.mp4?tag=12,3094364500,CaJaLtd,,1718946215335989248,2023-10-30T11:01:28,0,,,1718946215335989248,,,,,,,,post,0,,,0,0,,"Data is the key to informed decisions. Discover how our Data Analytics solutions can empower your business. 

https://t.co/bb3lCrqQIN

#DataAnalytics #Insights #DataLedDecisions https://t.co/FWMnmJWBgp",en,,dataanalytics--|--dataleddecisions--|--insights,1698663688,14,data analytics,unknown,unknown
,https://pbs.twimg.com/media/F9rtch9WkAAGLJs.jpg,,1408806420233916416,RealFlokiInu,,1718951384135995892,2023-10-30T11:22:01,1115,,,1718951384135995892,,,,,,,,post,12,,,129,302,,"$FLOKI's sister $TOKEN is currently trending at #1 as the 'Hot Pair' on #Dextools, the world's leading decentralized token data analytics platform with 140+ million users! üî•

This follows our first-of-its-kind partnership with @DEXToolsApp and the integration of #Floki's crypto‚Ä¶ https://t.co/sF2a9qHTN3",en,DEXToolsApp,dextools--|--floki,1698664921,48431,data analytics,unknown,unknown
,,,1492525372499537934,iamjordan,,1718958721869451290,2023-10-30T11:51:10,25,,,1718958721869451290,,,,,,,,post,0,,,12,2,,"10 Digital skills student can learn while studying.

1. Blogging 
2. Copywriting 
3. Affiliate marketing 
4. Website development
5. Social media marketing 
6. Data analytics
7.  Web design 
8. Graphic design 
9. Content writing
10. Virtual assistance 

What else to add?",en,,,1698666670,1370,data analytics,unknown,unknown
https://statisticsglobe.com/copy-paste-data-from-clipboard-into-r,,,1026075110569070593,JoachimSchork,,1718974834267521253,2023-10-30T12:55:12,18,,,1718974834267521253,,,,,,,,post,0,,,0,4,,"How to copy & paste data from the clipboard using the R programming language: https://t.co/a0CCULOjHI

#RStats #DataScience #database #DataAnalytics",en,,dataanalytics--|--database--|--datascience--|--rstats,1698670512,2809,data analytics,unknown,unknown
https://medium.com/microsoft-power-bi/leveraging-hasonefilter-in-power-bi-for-dynamic-visuals-d977bc271d4a,https://pbs.twimg.com/media/F9sJ8y-WUAANHsb.png,,730227001,tomas_kutac_en,,1718979525214699831,2023-10-30T13:13:50,44,,,1718979525214699831,,,,,,,,post,1,,,0,9,,"üíª Power BI DAX Mastering - Leveraging HASONEFILTER for Dynamic Visuals
üîó https://t.co/rXgnKNzy3P

#PowerBiMasterclass #PowerBI #DataVisualization #dataviz #DataAnalytics #DataScience #BusinessIntelligence https://t.co/SkqOrioBaF",en,,businessintelligence--|--dataanalytics--|--datascience--|--datavisualization--|--dataviz--|--powerbi--|--powerbimasterclass,1698671630,2223,data analytics,unknown,unknown
http://Trymito.io,https://video.twimg.com/ext_tw_video/1718981302224052224/pu/vid/avc1/1280x712/MKqpI6xvTSmE5PSM.mp4?tag=12,https://video.twimg.com/ext_tw_video/1718981302224052224/pu/vid/avc1/1280x712/MKqpI6xvTSmE5PSM.mp4?tag=12,1506055005992026115,hasantoxr,,1718981340811657494,2023-10-30T13:21:03,185,,,1718981340811657494,,,,,,,,post,1,,,21,72,,"This is going to change Data Analytics!

Introducing a fully functional spreadsheet interface in your dash applications.

https://t.co/IhpHya8LLS makes Data Analysis easy for All!

Check this outüëá https://t.co/8ISFXkayMT",en,,,1698672063,28820,data analytics,unknown,unknown
https://ow.ly/exWn50Q1vBl,,,958587145,david_green_uk,,1718987415606767968,2023-10-30T13:45:11,8,,,1718987415606767968,,,,,,,,post,0,,,1,2,,"Wearables, surveys, and more: Using data analytics to improve employee wellbeing https://t.co/2Cz5r08ddp by @SerenaHuangPhD
#EmployeeExperience #HRTech #Wellbeing #Culture",en,SerenaHuangPhD,culture--|--employeeexperience--|--hrtech--|--wellbeing,1698673511,525,data analytics,unknown,unknown
,,,382180841,SoloJah1,,1719006511320469779,2023-10-30T15:01:04,6,,,1719006511320469779,,,,,,,,post,0,,,4,0,,"Did you know that the process of looking through, sanitizing, converting, and analyzing #data in order to derive insightful information is known as #DataAnalytics?",en,,data--|--dataanalytics,1698678064,310,data analytics,unknown,unknown
,,,1416874867086045192,VaderResearch,,1719018549342040216,2023-10-30T15:48:54,16,,,1719018549342040216,,,,,,,,post,0,,,14,0,,What are the best web3 gaming focused data analytics firms?,en,,,1698680934,3059,data analytics,unknown,unknown
,https://pbs.twimg.com/media/F9suVM4XQAAqiE2.jpg,,1585322917893525506,California__Cri,,1719017944036880529,2023-10-30T15:49:13,21,,,1719018629746856100,1719017944036880529,1011008340367953920,wil_da_beast630,,,,,reply,1,,,1,2,,@wil_da_beast630 leftists need to feel morally superior to the rest of society.   Defending Hamas makes leftists feel morally superior https://t.co/RJfKjvzd4L,en,wil_da_beast630,,1698680953,472,data analytics,unknown,unknown
https://pyoflife.com/handbook-of-regression-modeling-in-people-analytics-with-examples-in-r-and-python/,https://pbs.twimg.com/media/F9sxafYakAA2_0k.jpg,,450304785,Parajulisaroj16,,1719022016890908719,2023-10-30T16:02:41,188,,,1719022016890908719,,,,,,,,post,0,,,1,53,,"üìåüìòPeople analytics, the data-driven approach to managing people at work, has gained significant traction in recent years. üîóFree E-Book: https://t.co/o10r6xM81V
#DataScience #rstats #pythonprogramming #DataScientists #DataAnalytics #statistics #Coding https://t.co/yfx7Oy4OyJ",en,,coding--|--dataanalytics--|--datascience--|--datascientists--|--pythonprogramming--|--rstats--|--statistics,1698681761,13206,data analytics,unknown,unknown
https://gtnr.it/3tWsD8P,https://video.twimg.com/ext_tw_video/1719038269315305472/pu/vid/avc1/1280x720/GonIxE5xQqZ0HA3j.mp4?tag=12,https://video.twimg.com/ext_tw_video/1719038269315305472/pu/vid/avc1/1280x720/GonIxE5xQqZ0HA3j.mp4?tag=12,629566265,FX_LARROCHE,,1719038582009282649,2023-10-30T17:08:30,0,,,1719038582009282649,,,,,,,,post,0,,,0,0,,"#IN Turning data into insights is imperative for innovation.

See how Amrita Ghanekar and @BNYMellon empowered its data and analytics team and drove results: https://t.co/ZEp3hhvCoF

#Innovation #Data #Analytics https://t.co/ZKUbz5AHqW",en,BNYMellon,analytics--|--data--|--in--|--innovation,1698685710,9,data analytics,unknown,unknown
https://o-trim.co/ecohub,https://video.twimg.com/ext_tw_video/1719046121698566144/pu/vid/avc1/1280x720/HqY1bOdH9fdvZKt2.mp4?tag=12,https://video.twimg.com/ext_tw_video/1719046121698566144/pu/vid/avc1/1280x720/HqY1bOdH9fdvZKt2.mp4?tag=12,913147306135887872,AINewZealander,,1719046298937254114,2023-10-30T17:39:10,13,,,1719046298937254114,,,,,,,,post,0,,,0,1,,"‚≠êOptimize your website's performance ‚≠ê

ùë™ùíçùíäùíÑùíå ùíâùíÜùíìùíÜ ùíïùíê ùíàùíÜùíï ùíöùíêùíñùíì 7-ùíÖùíÇùíö ùë≠ùëπùë¨ùë¨ ùíïùíìùíäùíÇùíç ùíïùíêùíÖùíÇùíö: https://t.co/zRS280xIqN

.
#ONPASSIVE #TheFutureOfInternet #OTRACKER #WebAnalytics #BusinessTools #DataAnalytics #ONPASSIVEECOSYSTEM #IPTracking https://t.co/kfMjdPHNuG",en,,businesstools--|--dataanalytics--|--iptracking--|--onpassive--|--onpassiveecosystem--|--otracker--|--thefutureofinternet--|--webanalytics,1698687550,68,data analytics,unknown,unknown
,https://pbs.twimg.com/media/F9tq8dwWMAA3QqD.jpg,,1017335970,omoalhajaabiola,,1719085280823521516,2023-10-30T20:14:04,41,,,1719085280823521516,,,,,,,,post,0,,,7,5,,"Wait, do people think they can‚Äôt go niched with data analytics? I think we need to double our efforts on clienteling and prospecting. I know a brother who only knows excel and he‚Äôs doing well as a freelancer. 

You can create a profile around your excel skills. So many power Bi‚Ä¶ https://t.co/2kVgSDa7n4",en,,,1698696844,7595,data analytics,unknown,unknown
,https://pbs.twimg.com/media/F9t4dCnWkAAnh59.jpg,,1162487769719070720,wissen_tech,,1719100125136486514,2023-10-30T21:13:03,9,,,1719100125136486514,,,,,,,,post,0,,,0,5,,"Looking to develop a data-driven enterprise strategy? 
Check out this framework by @ingliguori 
CC: @drfeifei @BernardMarr @erikbryn  

#AI #Digitalization #Data #IIoT #Python #DataScientist #Programming #BigData #Tech #IoT #DataOps #DataAnalytics. https://t.co/uwPF0UOuRq",en,BernardMarr--|--drfeifei--|--erikbryn--|--ingliguori,ai--|--bigdata--|--data--|--dataanalytics--|--dataops--|--datascientist--|--digitalization--|--iiot--|--iot--|--programming--|--python--|--tech,1698700383,186,data analytics,unknown,unknown
https://pyoflife.com/r-for-everyone-advanced-analytics-and-graphics-pdf/,https://pbs.twimg.com/media/F9vD4D-bEAA3opm.jpg,,450304785,Parajulisaroj16,,1719183053321535891,2023-10-31T02:42:35,132,,,1719183053321535891,,,,,,,,post,1,,,0,28,,"With R open-source nature, it also allows for collaborative work and contribution from the community, further increasing its value as a data analysis tool.¬†https://t.co/bzGoTDzoVO
#DataScience #rstats #DataAnalytics #statistics #dataviz #r #programming #DataScientists https://t.co/mgnjXLVt9f",en,,dataanalytics--|--datascience--|--datascientists--|--dataviz--|--programming--|--r--|--rstats--|--statistics,1698720155,6295,data analytics,unknown,unknown
,,,1382645429737816064,StaceyHarrisonu,,1719186274551046241,2023-10-31T02:55:23,4,,,1719186274551046241,,,,,,,,quote,0,1717969063828181500,seyithemie,1,1,,"D data analytics course I started last mnth, I don't feel like going back to it becos I don't understand well learning online. How I wish there is an onsite data analytics school that can do a comprehensive tutoring for 6 months -1 year. Like baby school me becos I am a novice.üòî",en,,,1698720923,1523,data analytics,unknown,unknown
http://entrylevel.net,,,762281435709448196,TylerSydSA,,1719039169081590132,2023-10-31T03:19:39,23,,,1719192382443286886,1719045670579950012,800408073978290176,lindz_malindz,,,,,reply,0,,,0,5,,@lindz_malindz @TshepoDave4 You can also do Data Analytics at https://t.co/Fa67w6rT16,en,TshepoDave4--|--lindz_malindz,,1698722379,1767,data analytics,unknown,unknown
,,,1151243256304427008,okyeahyep,,1719193749824455053,2023-10-31T03:25:05,6,,,1719193749824455053,,,,,,,,post,0,,,1,1,,"Every minute you are idle, an indian american from new jersey or california is adding a new data analytics nonprofit founders program to his linkedin",en,,,1698722705,187,data analytics,unknown,unknown
,,,1542811352237998083,ghostwhispper,,1719204486919401545,2023-10-31T04:07:45,85,,,1719204486919401545,,,,,,,,post,1,,,10,4,,"Let me introduce myself
Name : Diamond J Henry
Occupation: jobless (in habi's voice)
Education: ND- Computer engineering, computer science.
BSC : Human resources (HR)
CERTIFICATIONS: Data analytics (Aixa)
Data analytics (Harvard on-line)
Data analytics,SQL,AZURE(Microsoft)",en,,,1698725265,7203,data analytics,unknown,unknown
https://www.zxacademy.com/course/data-analytics-with-r-training/,https://pbs.twimg.com/media/F9vX8VuaIAApuk_.jpg,,866871985292300288,logica_go,,1719205170486325735,2023-10-31T04:10:28,2,,,1719205170486325735,,,,,,,,post,0,,,0,0,,"Join Now at Zx Academy's free Demo Data Analytics with R Training!
https://t.co/epohKiYRTa
#zxacademy #DataAnalyticswithRTraining #DataAnalyticswithR #OracleFusion #onlinetraining #VirtualTrainings #corporatetraining #courses #FreeDemo #FreeDemoSession #students #educational https://t.co/qCX53GljL7",en,,corporatetraining--|--courses--|--dataanalyticswithr--|--dataanalyticswithrtraining--|--educational--|--freedemo--|--freedemosession--|--onlinetraining--|--oraclefusion--|--students--|--virtualtrainings--|--zxacademy,1698725428,13,data analytics,unknown,unknown
,,,1481177658977402884,Hellix_Adonisi,,1719013794083451089,2023-10-31T05:14:20,62,,,1719221240810876979,1719013794083451089,701798284247994368,Bongie_Haemz,,,,,reply,0,,,5,6,,@Bongie_Haemz Data Analytics- Coursera. Same 8 weeks course content offered by UCT.,en,Bongie_Haemz,,1698729260,8787,data analytics,unknown,unknown
https://ibm.co/46Tf7RZ,,,3009733860,Vinayasasidhara,,1719241562012414296,2023-10-31T06:35:05,0,,,1719241562012414296,,,,,,,,post,0,,,0,0,,"Combining IBM's strength in data analytics with AWS's robust cloud infrastructure, the alliance is breaking down barriers to AI adoption. https://t.co/55BgTesXCY",en,,,1698734105,6,data analytics,unknown,unknown
,,,4075263148,CreixeIt,,1719242013088825832,2023-10-31T06:36:52,3,6.569024160000001,3.2942411999999996,1719242013088825832,,,,NG,Nigeria,"Ikeja, Nigeria",city,post,0,,,0,3,,"Data-driven decisions are the key to success in today's world. üìà Dive into the world of data analytics and transform raw information into actionable insights. Whether you're a beginner or an expert, there's always more to discover. üìäüí° #DataAnalytics #DataScience #Analytics",en,,analytics--|--dataanalytics--|--datascience,1698734212,47,data analytics,unknown,unknown
https://pyoflife.com/create-a-ggalluvial-plot-in-r/,https://pbs.twimg.com/media/F9v-jf0a4AAzWYs.jpg,,450304785,Parajulisaroj16,,1719247572647420355,2023-10-31T06:58:58,17,,,1719247572647420355,,,,,,,,post,0,,,0,6,,"A ggalluvial plot, also known as an alluvial diagram, is a¬†type of visualization¬†used to show how categorical data is distributed among different groups. https://t.co/KJLCXL2jbf
#DataScience #rstats #DataAnalytics #dataviz #statistics #r #programming https://t.co/Jm1NCAlfOZ",en,,dataanalytics--|--datascience--|--dataviz--|--programming--|--r--|--rstats--|--statistics,1698735538,618,data analytics,unknown,unknown
,,,1278791100,Rita_tyna,,1719250645494956314,2023-10-31T07:11:10,28,,,1719250645494956314,,,,,,,,post,0,,,6,4,,I like when people use real life examples to explain data analytics concepts - It becomes easier to understand,en,,,1698736270,1422,data analytics,unknown,unknown
https://tiny-link.io/2pAMhSWqtx4lHmk1sDOP,https://pbs.twimg.com/media/F9wFsxHWcAAgiVX.jpg,,853244557420625921,CSiepler,,1719255426913505653,2023-10-31T07:30:10,1,,,1719255426913505653,,,,,,,,post,0,,,0,1,,"Do you want your company to become more digital? With the #SAP #Digitalization package, #TSystems will develop the right strategy for you. We have packages for AI, data analytics, machine learning, blockchain technology, or the Internet of Things (IoT). https://t.co/ZUEPhI8f9u https://t.co/WmUbjPZCEK",en,,digitalization--|--sap--|--tsystems,1698737410,5,data analytics,unknown,unknown
,,,2478065090,iamshubham1501,,1719260710830739850,2023-10-31T07:51:10,0,,,1719260710830739850,,,,,,,,post,0,,,1,0,,"Google India Apprenticeship Program Applications for 2024¬†are now open! üöÄüöÄüöÄ

Roles Available for 

1. Project Management
2. Data Analytics
3. Digital Marketing https://t.co/rU3IaFSP1j",en,,,1698738670,35,data analytics,unknown,unknown
https://www.rbninnovations.in,https://pbs.twimg.com/media/F9wK52DXUAA1q0q.jpg,,1445619106997174276,RbnInnovations,,1719261188855312844,2023-10-31T07:53:04,1,,,1719261188855312844,,,,,,,,post,0,,,0,0,,"Rbn innovations, a forward-thinking graphic design agency that turns creative ideas into visual masterpieces..""
To learn more about it, visit our website: https://t.co/9A8sJYivs4
#techInnovation #services #digital #cybersecurity #cloudcomputing #dataanalytics #techsupport https://t.co/T7gMyUjHdZ",en,,cloudcomputing--|--cybersecurity--|--dataanalytics--|--digital--|--services--|--techinnovation--|--techsupport,1698738784,12,data analytics,unknown,unknown
http://infy.com/3GHd74H,https://video.twimg.com/ext_tw_video/1719263085477965824/pu/vid/avc1/720x720/XQ3fTiZlnL27S2ED.mp4?tag=12,https://video.twimg.com/ext_tw_video/1719263085477965824/pu/vid/avc1/720x720/XQ3fTiZlnL27S2ED.mp4?tag=12,96742311,Wasabiprawn,,1719263131032281199,2023-10-31T08:00:47,0,,,1719263131032281199,,,,,,,,post,0,,,0,0,,"Retail, CPG, and logistics industries are struggling in a chaotic economic environment. But some businesses are thriving by going back to the basics - low pricing, high loyalty, and physical stores. Read more: https://t.co/YESwRIIzSD 

#intelligentautomation #dataanalytics https://t.co/LOWlx1qgtz",en,,dataanalytics--|--intelligentautomation,1698739247,12,data analytics,unknown,unknown
,https://pbs.twimg.com/media/F9wMuyPXIAAaUkr.jpg,,1463082194486784003,Nodereal_io,,1719263158399795650,2023-10-31T08:00:53,2,,,1719263158399795650,,,,,,,,post,0,,,1,1,,"üéâ Collaboration Alert üéâ

In the Web3 universe, where data reigns supreme, #NodeReal is thrilled to join forces with @dexscreener to supercharge their crypto data analytics platform.

Get ready to make sharp, data-driven choices for your assets with DEX Screener today! üí™üí∞ https://t.co/q87CdZJhyf",en,dexscreener,nodereal,1698739253,220,data analytics,unknown,unknown
,,,1497647726762340355,AntonsWrites,,1719266709511786916,2023-10-31T08:15:00,6,,,1719266709511786916,,,,,,,,post,0,,,2,0,,I realized MS Excel was my gateway drug to data analytics.,en,,,1698740100,59,data analytics,unknown,unknown
,,,886550005947019264,amosuibk,,1719274718291701943,2023-10-31T08:46:50,8,,,1719274718291701943,,,,,,,,post,0,,,1,4,,"Data Intern 

Location: Yaba, Lagos 

Qualifications
HND / BSc in Computer Science, Statistics, Data Analytics, or any Social Science discipline
Have interest in web analytics, social listening, data analysis, data visualization and insight development.
Junior, senior or‚Ä¶",en,,,1698742010,940,data analytics,unknown,unknown
,https://pbs.twimg.com/media/F9wYL28b0AA4aUh.jpg,,1448528655655735296,phanguyenx,,1719275824216768796,2023-10-31T08:51:13,1,,,1719275824216768796,,,,,,,,post,0,,,0,0,,"Below is one of the dashboard/viz versions I produced about 1.5 years ago utilizing #PowerBI #Deneb #Vegalite. My goals for making this viz were:
Test gradient methods.
Try out different color schemes and designs.
Test various interpolation algorithms.

#dataviz #dataanalytics https://t.co/izVY0vK6KH",en,,dataanalytics--|--dataviz--|--deneb--|--powerbi--|--vegalite,1698742273,10,data analytics,unknown,unknown
https://eu1.hubs.ly/H05Z3KY0--|--https://eu1.hubs.ly/H05Z4y_0,,,1585979898753056769,SMDHUlster,,1719278028222538226,2023-10-31T08:59:59,0,,,1719278028222538226,,,,,,,,post,0,,,0,0,,"The Smart Manufacturing Data Hub has got data analytics solutions tailored for Manufacturing SMEs at every maturity level. 

Tune in as Shuo our Research Assistant explains more.

https://t.co/NN63OpakjR

Subscribe here: https://t.co/IaT1rbkWO5
#dataanalytics  #smartmanufacturing",en,,dataanalytics--|--smartmanufacturing,1698742799,1,data analytics,unknown,unknown
