attached_links_url,attached_medias_url,attached_videos,author_id,author_username,community_notes,conversation_id,created_time,favorite_count,geo_lat,geo_lon,id,in_reply_to_post_id,in_reply_to_profile_id,in_reply_to_profile_username,place_country_code,place_country_name,place_full_name,place_type,post_type,quote_count,quoted_status_id,quoted_status_profile_username,reply_count,retweet_count,source,text,text_lang,text_tagged_users,text_tags,timestamp,view_count
https://bit.ly/3fpFZA6,https://pbs.twimg.com/media/F9pbjZdXUAAiDMJ.jpg,,2434057950,socialmediaenth,,1718786875824251062,2023-10-30T00:28:19,0,,,1718786875824251062,,,,,,,,post,0,,,0,0,,Are you having trouble getting potential customers to like and comment on your #socialmedia posts? Maybe it's time to rethink your strategy. Take our Advanced Marketing Strategies Bootcamp for the latest tips and tricks. https://t.co/cxZ83v8lIW #biztips #smm #frantips https://t.co/1Y5WL0wUwi,en,,biztips--|--frantips--|--smm--|--socialmedia,1698625699,5.0
https://buff.ly/2CNvqTe,https://pbs.twimg.com/media/F9pi3zsWUAAGmo7.jpg,,855209496,ChannelRadioUK,,1718794920952004811,2023-10-30T01:00:17,0,,,1718794920952004811,,,,,,,,post,0,,,0,0,,Have you got a Social Media Strategy Plan? a  #BBunker Blog https://t.co/Un3KHeUbAr https://t.co/SPRRs33OBd,en,,bbunker,1698627617,13.0
https://blog.red-website-design.co.uk/hashtag-generator-tools/,,,343283519,Red_Web_Design,,1718833337169506482,2023-10-30T03:32:56,0,,,1718833337169506482,,,,,,,,post,0,,,0,1,,13 Hashtag Generator Tools to Fire-Up Your Social Media Strategy: https://t.co/qGXjNLKWEi,en,,,1698636776,149.0
,,,255182138,teovito,,1718842874878439687,2023-10-30T04:10:50,7,24.918420320000003,55.419732380000006,1718842874878439687,,,,AE,United Arab Emirates,"Dubai, United Arab Emirates",admin,post,0,,,1,1,,"Woke up with a business idea:

Design custom emojis for businesses.

These can be used on social media, websites, and in communications with customers via email, WhatsApp, etc.

Distribution method: Productized service, Shopify website.

Marketing strategy: Ads on Instagram and‚Ä¶",en,,,1698639050,624.0
,https://pbs.twimg.com/media/F8ijaEtWoAAUUCg.jpg,,1672866019033923584,GotoResource,,1718855246661968100,2023-10-30T05:00:00,0,,,1718855246661968100,,,,,,,,post,0,,,0,0,,"""The best marketing strategy ever: CARE."" 

‚Äî Gary Vaynerchuk

@GotoResource https://t.co/VIr2TbRgKd",en,GotoResource,,1698642000,2.0
,https://pbs.twimg.com/media/F9qaB-fagAA_wx2.jpg,,1615306561806819329,success_founder,,1718855693145633115,2023-10-30T05:01:46,0,,,1718855693145633115,,,,,,,,post,0,,,0,0,,"6 Elements of Social Media Strategy 
#socialmediamarketing https://t.co/Kbt5mgwqPx",en,,socialmediamarketing,1698642106,2.0
,https://pbs.twimg.com/media/F9q0NW9XIAAYaLP.jpg,,1346162737102000128,Fraek4Salman,,1718884377814523972,2023-10-30T06:55:45,55,,,1718884377814523972,,,,,,,,post,1,,,5,29,,"Mass promotion strategy for #Tiger3.

-Give money to Sheikhs to get a seat beside Ronaldo.

-Get un-noticed by Ronaldo coz he doesn't even know wtf is Salman.

-Get Limelight on social media for being ignored. https://t.co/2964kUwkGo",en,,tiger3,1698648945,3211.0
,https://video.twimg.com/ext_tw_video/1718889582853271552/pu/vid/avc1/720x1280/M6U4UwGuJIUaoCIA.mp4?tag=12,https://video.twimg.com/ext_tw_video/1718889582853271552/pu/vid/avc1/720x1280/M6U4UwGuJIUaoCIA.mp4?tag=12,1336683821085962241,evarsity,,1718897814816584056,2023-10-30T07:49:09,0,,,1718897814816584056,,,,,,,,post,0,,,0,0,,"Discover how transparency can build trust with your audience, and learn how to infuse honesty into every aspect of your social media strategy. We'll share practical tips &real-world examples to help you create a brand that resonates and connects with your followers.#branding https://t.co/FgBbbHTFAV",en,,branding,1698652149,6.0
,,,1530952337103081472,matchtheindex,,1718898268024066468,2023-10-30T07:50:57,22,,,1718898268024066468,,,,,,,,post,1,,,0,3,,"i be saying ""me and who?"" knowing exactly tf who. YOU are my target. social media is a game of strategy, a complex mating ritual.",en,,,1698652257,831.0
https://www.uprango.com/,https://video.twimg.com/ext_tw_video/1718902214255603712/pu/vid/avc1/720x1280/s1IOvDZ0t4Y4Yrbx.mp4?tag=12,https://video.twimg.com/ext_tw_video/1718902214255603712/pu/vid/avc1/720x1280/s1IOvDZ0t4Y4Yrbx.mp4?tag=12,1579447288065191939,uprango,,1718903434173120683,2023-10-30T08:11:29,0,,,1718903434173120683,,,,,,,,post,0,,,0,0,,"4 Reasons Why You Need A Social Media Manager

1. Time Saving
2. Quality Content
3. Less Headache
4. Analytics & Strategy

üåê: https://t.co/hmsRU5f9tT
.
.
.
.
.
#socialmediamanager #socialmediamarketing https://t.co/SoLtTCtbtg",en,,socialmediamanager--|--socialmediamarketing,1698653489,11.0
,,,277570546,miss_magpie_spy,,1718904200787116032,2023-10-30T08:14:31,6,,,1718904200787116032,,,,,,,,post,1,,,0,4,,"I really need some work. If anyone has anything they need help with for the next few weeks please let me know.

Illustration / social media / strategy / fashion design / I can write / I can sing (ish) / I can learn to dance.",en,,,1698653671,588.0
https://lttr.ai/AHGGZ,https://pbs.twimg.com/media/F9rGjlgXgAAMgyc.jpg,,356496758,BusyBeingJenn,,1718904524218224678,2023-10-30T08:15:48,0,,,1718904524218224678,,,,,,,,post,0,,,0,0,,"SEO can inform your social media strategy and boost its efforts in a variety of ways.

Read the full article: 6 Ways SEO Can Add Value to Your Business
‚ñ∏ https://t.co/icjYWn4vxy https://t.co/x9FMw0LW3u",en,,,1698653748,12.0
https://www.gathersocial.co.uk/sectors/construction-and-manufacturing,https://pbs.twimg.com/media/F9rUlFeWUAEaqUh.jpg,,3021300125,gathersocial,,1718919944132546940,2023-10-30T09:17:05,0,,,1718919944132546940,,,,,,,,post,0,,,0,0,,"Let us design a winning social media strategy for your construction and manufacturing business.üë∑üèº‚Äç‚ôÇÔ∏è 

Get in touch and let us start building your strategy today! 

https://t.co/GIlmuzEtky https://t.co/VbHiNAcUtT",en,,,1698657425,3.0
,,,782620709977661440,junogsp7,,1718902440676806996,2023-10-30T09:42:50,12,,,1718926424445501585,1718902440676806996,3419210573,FFT1776,,,,,reply,0,,,0,4,,"@FFT1776 Great strategy !
Not featured :
Floppy eared Dog üêï for free daily endorphin releases 
and agape love 
Meditation of some type 
for getting in touch with higher power 
Limiting Social media 
to lower stress
Humor never take life too serious https://t.co/5TheTVuOC1",en,FFT1776,,1698658970,407.0
https://buff.ly/3h5H9SI,,,2416164212,AndyKerney,,1718931753815949668,2023-10-30T10:04:00,0,,,1718931753815949668,,,,,,,,post,0,,,0,0,,6 Surprising Ways Social Media Strategy Improves a Business https://t.co/HRm1bjsaqu  @Social_Hire,en,Social_Hire,,1698660240,
https://buff.ly/3q9B9LL,,,34037172,marketingeekery,,1718932759647760481,2023-10-30T10:08:00,0,,,1718932759647760481,,,,,,,,post,0,,,0,0,,How To Create A Social Media Strategy: The Complete Beginner's Guide https://t.co/SAjxMlOUma  @startupbonsai,en,startupbonsai,,1698660480,
,https://pbs.twimg.com/media/F9rg4aSW0AAty--.jpg,,1686024300652843008,ModernMediaMD,,1718933483253334270,2023-10-30T10:10:53,0,,,1718933483253334270,,,,,,,,post,0,,,1,0,,"üöÄ Ready to take your business to the next level? üìà Our marketing services are here to help you shine! üåü

üî• Whether you need a killer social media strategy, eye-catching content, or a data-driven approach to boost your sales, we've got you covered. https://t.co/Jb76iAEQJS",en,,,1698660653,4.0
,,,415239970,Codishaa,,1718938369734914344,2023-10-30T10:30:18,25,,,1718938369734914344,,,,,,,,post,3,,,3,4,,"The 2024 social media marketing ""trends to look out for"" are soon to come (or are already here). Don't fall victim to tactics. They won't save your social media game. A comprehensive foundational strategy will, tho. ü§∑üèæ‚Äç‚ôÄÔ∏è",en,,,1698661818,682.0
https://www.linkedin.com/posts/focusfew_socialmediamarketing-digitalmarketing-audienceengagement-activity-7124700478126403585-cN7W?utm_source=share&utm_medium=member_desktop,,,988038791817396225,FocusFew2Win,,1718939951457616292,2023-10-30T10:36:35,0,,,1718939951457616292,,,,,,,,post,0,,,1,0,,"With over 4.2 billion active users worldwide, social media platforms are a goldmine for connecting with and engaging your target audience. In our latest article, @bhideshreyas87 explores the indispensable role of social media in digital marketing.

https://t.co/xtpJrPnaBv",en,bhideshreyas87,,1698662195,3.0
,,,253685150,AnushaLDN,,1718943636715360460,2023-10-30T10:51:14,6,,,1718943636715360460,,,,,,,,quote,0,1718940900544455144,thatbloodyMikey,0,1,,"We see this in a lot of emergencies. People's thirst for capital under the guise of ""uplifting"" voices. 

No just go to the original source. Now is not the time for a social media strategy.",en,,,1698663074,736.0
https://www.falcon.io/insights-hub/topics/social-media-roi/10-tips-increase-social-media-conversions-2020/,,,557757579,cmtyworks,,1718944225486864772,2023-10-30T10:53:34,0,,,1718944225486864772,,,,,,,,post,0,,,0,0,,"From choosing formats to optimizing landing pages, here are some simple tips to increase your #socialmedia conversion success. https://t.co/LTlM0XUYtZ #marketing #strategy",en,,marketing--|--socialmedia--|--strategy,1698663214,
https://cutt.ly/ZwnKPjre,https://pbs.twimg.com/media/F9rsOJSWUAAFEzt.jpg,,725577589,OXCOM_Marketing,,1718945938062880841,2023-10-30T11:00:22,0,,,1718945938062880841,,,,,,,,post,0,,,0,0,,"From how to engage with audiences to developing a suitable strategy, our 5 week Social Media Marketing 101 Masterclass will supercharge your marketing üöÄ

Sign up by Monday 6th November for just ¬£100 + VAT üëâ https://t.co/FnosPpchmD https://t.co/ESb8CNscwt",en,,,1698663622,12.0
https://mtr.cool/lkninpirbh,https://pbs.twimg.com/media/F9rshjKXIAA7pPf.jpg,,914787976223318016,MaveSocial,,1718946273305264135,2023-10-30T11:01:42,0,,,1718946273305264135,,,,,,,,post,0,,,0,0,,"Boost your brand's social presence! Our approach to #SocialMediaManagement is all about strategy. Align with your goals, add value to your audience, and maintain that perfect consistency.

Let's make your social media shine: https://t.co/WrHRjLCpab

#DigitalMarketing #MaveSocial https://t.co/rgCrNl0waz",en,,digitalmarketing--|--mavesocial--|--socialmediamanagement,1698663702,
https://www.remoterocketship.com,,,3423983597,baaskelabs,,1718947121557131335,2023-10-30T11:06:42,1,,,1718947531076329729,1718947368320499743,3423983597,baaskelabs,,,,,reply,0,,,1,1,,"Remote Jobs in Saudi Arabia
Remote Rocketship
https://t.co/fNLcnHADSx ‚Ä∫ ...
Search 270 jobs from 135 companies hiring remote in saudi arabia.. Lead UI/UX Engineer. Strategy Manager. Social Media Manager. Financial News Writer.",en,,,1698664002,17.0
https://www.facebook.com/groups/socialmediainspiration,https://pbs.twimg.com/media/F9rwwqUWAAAUm13.jpg,,41345374,karencureton,,1718950927925653803,2023-10-30T11:20:12,0,,,1718950927925653803,,,,,,,,post,0,,,0,0,,"Social media is always changing, with new platforms, features, and trends emerging all the time. Stay up-to-date with these changes to keep your strategy relevant and effective.  Do this by joining my free Facebook group
https://t.co/DqpoCOerMk https://t.co/GX2VqQgtSb",en,,,1698664812,11.0
http://Sreves.com,https://pbs.twimg.com/media/F9rrcmqWwAAvo6n.jpg,,1678379218273554432,SrevesDigiMedia,,1718953394306417029,2023-10-30T11:30:00,1,,,1718953394306417029,,,,,,,,post,0,,,0,0,,"üöÄ Our Services:
üëâ Web Development
üëâ Mobile App Development
üëâ Digital Marketing
üëâ Content Strategy
üëâ Social Media Management

üåê Explore our offerings at https://t.co/NRlz9l1Yv5

üìû Reach out to us today:
+91 9100052089 | +91 91000 52055
#DigitalMarketing #DigitalMedia https://t.co/DuBlSu0Y6R",en,,digitalmarketing--|--digitalmedia,1698665400,3.0
https://buff.ly/49dBnYj,https://pbs.twimg.com/media/F9rzO9NXQAEWWOF.jpg,,2435355758,businessbunker,,1718953648615563425,2023-10-30T11:31:01,0,,,1718953648615563425,,,,,,,,post,0,,,0,1,,A social media strategy but what does that mean? A #BBunker Blog https://t.co/hgJurwN78s https://t.co/4eYJcnVQrg,en,,bbunker,1698665461,4.0
https://form.typeform.com/to/ZvSBfRlp,https://video.twimg.com/ext_tw_video/1718955074083344384/pu/vid/avc1/720x1280/6L0cLYciUJdo1VGW.mp4?tag=12,https://video.twimg.com/ext_tw_video/1718955074083344384/pu/vid/avc1/720x1280/6L0cLYciUJdo1VGW.mp4?tag=12,2264099259,akanbitomjoe,,1718955409074016392,2023-10-30T11:38:00,6,,,1718955409074016392,,,,,,,,post,0,,,3,2,,"My First Giveaway. Get a free strategy session with me if you fill the form on my bio now!

Open to the first 50 people only!

I'll be talking about how you can use social media to your own advantage, and how you can implement Storytelling!

https://t.co/8grXprln6Z https://t.co/scOmNlsD9H",en,,,1698665880,121.0
,,,1681011733182152709,rekkruut,,1718955631439233247,2023-10-30T11:38:53,2,,,1718955631439233247,,,,,,,,post,0,,,1,1,,"How to Leverage Social Media for Recruitment

Social media is a powerful tool for finding top talent. Here's how to make the most of it in your recruitment strategy! üåêüë•

Check out the thread belowüëáüßµ

#SocialMedia #Recruitment",en,,recruitment--|--socialmedia,1698665933,31.0
https://www.ecommfy.com/influencer-qa-sessions-in-ecommerce/,,,1550417797377069056,ecommfy,,1718959612534411398,2023-10-30T11:54:43,0,,,1718959612534411398,,,,,,,,post,0,,,0,0,,"In this blog, we discussed the benefits of incorporating influencer Q&A sessions in your eCommerce social media strategy.
Read now- https://t.co/2ZM7UwSMCM

Contact us at 95092 95195 

#websitedevelopment #ecommercedevelopment #ecommfy #influencermarketing #ecommerce",en,,ecommerce--|--ecommercedevelopment--|--ecommfy--|--influencermarketing--|--websitedevelopment,1698666883,2.0
https://bit.ly/3lp9DM4,https://pbs.twimg.com/media/F9r54heXEAAvVs3.jpg,,317859071,CaffeineMedia,,1718960960940220780,2023-10-30T12:00:04,0,,,1718960960940220780,,,,,,,,post,0,,,0,0,,"Pay Per Click advertising is an excellent complement to other digital marketing practices such as social media marketing as well as our bespoke SEO agency services.

Get in touch to discuss integrating PPC and AdWords management services into your strategy https://t.co/jpmiBAtaBG https://t.co/snX2EjLTu3",en,,,1698667204,1.0
https://youtube.com/shorts/X_FY5FoS6_8?si=RlScVTb60rUAbUWC,,,1510896510,Buckscountybyte,,1718961263219298687,2023-10-30T12:01:16,0,,,1718961263219298687,,,,,,,,post,0,,,0,0,,Dominate Social Media in 45 seconds With This Strategy https://t.co/G2P44Cmc0y via @YouTube,en,YouTube,,1698667276,1.0
http://www.symmetricalmm.com,,,4862415903,Symmetricalmm,,1718964748329656575,2023-10-30T12:15:07,0,,,1718964748329656575,,,,,,,,post,0,,,0,0,,We are passionate about helping small businesses to effectively leverage social media. Contact us to develop an efficient social media strategy https://t.co/9v4B3cl1Qf,en,,,1698668107,
https://keepoptimising.com/organic-social-media-on-the-keep-optimising-podcast/,https://pbs.twimg.com/media/F9r9lvDWgAAhGfW.jpg,,1126482598434365440,keepoptimising,,1718965038784848064,2023-10-30T12:16:16,0,,,1718965038784848064,,,,,,,,post,0,,,0,0,,"What should your ORGANIC Social Media strategy be in 2023?¬†

We‚Äôre exploring the latest tips and tricks in this month‚Äôs masterclass
¬†
On Apple Podcasts, Spotify, (just search ‚ÄúKeep Optimising) Get all the details at: https://t.co/sC5RyBfkPY

#ecommercemarketing #marketingpodcast https://t.co/fNpZv2Lyh1",en,,ecommercemarketing--|--marketingpodcast,1698668176,5.0
,https://pbs.twimg.com/media/F9sAvgIX0AAtMX4.png,,164019534,FarSocialMedia,,1718968520015581412,2023-10-30T12:30:06,0,,,1718968520015581412,,,,,,,,post,0,,,0,0,,"""Trend strategy‚Äîlike every social media strategy‚Äîhas to be tied to your business objectives."" https://t.co/YzjqPrOmj4",en,,,1698669006,2.0
https://hubs.la/Q02732Jd0,,,3868065974,theSMarketers,,1718969588883575146,2023-10-30T12:34:21,0,,,1718969588883575146,,,,,,,,post,0,,,0,0,,"Wondering how to elevate your inbound marketing strategy with social media? Here are the key moves to boost your brand's digital presence:

‚û°Ô∏èhttps://t.co/ocZ5Z77AiU",en,,,1698669261,1.0
,https://pbs.twimg.com/media/F9sCeH4XEAAxWN_.jpg,,1295081583272235008,CockadoodledooC,,1718970406051197302,2023-10-30T12:37:36,1,,,1718970406051197302,,,,,,,,post,0,,,0,0,,"It‚Äôs been a great month working alongside our client @riofoundation üôå

If you need any help with your social media strategy and implementation, get in touch today!

#lincolnmarketing #lincolnshiremarketing https://t.co/I7pdsLfqgE",en,riofoundation,lincolnmarketing--|--lincolnshiremarketing,1698669456,4.0
https://buff.ly/3PzTw9J,https://pbs.twimg.com/media/F9sDCAHWcAACYur.jpg,,1153883538,DCAVirtual,,1718971019598106798,2023-10-30T12:40:02,0,,,1718971019598106798,,,,,,,,post,0,,,0,0,,It's not just about posting content; it‚Äôs about knowing what content to post to engage your audience. You must track & measure the KPIs that reflect your goals & strategy. LinkedIn breaks down optimizing your social media strategy & getting real results: https://t.co/j2LS8MZ78p https://t.co/9qm388OGlm,en,,,1698669602,
